IND,GENOTYPE,TREAT,REP,GROUP,SEX,DT
1,100,A,1,E1,F,228
2,100,A,1,E1,F,228
3,100,A,1,E1,F,228
4,100,A,1,E1,F,228
5,100,A,1,E1,F,228
6,100,A,1,E1,F,228
7,100,A,1,E1,F,228
8,100,A,1,E1,F,228
9,100,A,1,E1,F,228
10,100,A,1,E1,F,228
11,100,A,1,E1,F,228
12,100,A,1,E1,M,236
13,100,A,1,E1,M,236
14,100,A,1,E1,M,236
15,100,A,1,E1,M,236
16,100,A,1,E1,M,244
17,100,A,1,E1,M,244
18,100,A,1,E1,M,244
19,100,A,1,E1,F,244
20,100,A,1,E1,M,244
21,100,A,1,E1,F,244
22,100,A,1,E1,M,244
23,100,A,1,E1,M,244
24,100,A,1,E1,M,244
25,100,A,1,E1,F,244
26,100,A,1,E1,F,260
27,100,A,1,E1,F,268
28,100,A,1,E1,F,268
29,100,A,1,E1,F,276
30,100,A,1,E1,F,276
1,100,A,2,E1,F,228
2,100,A,2,E1,F,228
3,100,A,2,E1,F,228
4,100,A,2,E1,F,228
5,100,A,2,E1,F,228
6,100,A,2,E1,F,228
7,100,A,2,E1,F,228
8,100,A,2,E1,F,228
9,100,A,2,E1,F,236
10,100,A,2,E1,F,236
11,100,A,2,E1,M,244
12,100,A,2,E1,M,244
13,100,A,2,E1,F,244
14,100,A,2,E1,M,244
15,100,A,2,E1,F,252
16,100,A,2,E1,M,252
17,100,A,2,E1,M,252
18,100,A,2,E1,M,252
19,100,A,2,E1,M,252
20,100,A,2,E1,M,252
21,100,A,2,E1,M,252
22,100,A,2,E1,M,252
23,100,A,2,E1,M,252
24,100,A,2,E1,NA,NA
25,100,A,2,E1,NA,NA
26,100,A,2,E1,NA,NA
27,100,A,2,E1,NA,NA
28,100,A,2,E1,NA,NA
29,100,A,2,E1,NA,NA
30,100,A,2,E1,NA,NA
1,100,B,1,E1,F,220
2,100,B,1,E1,F,220
3,100,B,1,E1,F,220
4,100,B,1,E1,M,220
5,100,B,1,E1,M,228
6,100,B,1,E1,M,228
7,100,B,1,E1,M,228
8,100,B,1,E1,M,228
9,100,B,1,E1,M,228
10,100,B,1,E1,F,228
11,100,B,1,E1,F,228
12,100,B,1,E1,F,228
13,100,B,1,E1,F,228
14,100,B,1,E1,F,228
15,100,B,1,E1,M,236
16,100,B,1,E1,M,236
17,100,B,1,E1,M,236
18,100,B,1,E1,M,236
19,100,B,1,E1,F,244
20,100,B,1,E1,F,244
21,100,B,1,E1,F,244
22,100,B,1,E1,M,244
23,100,B,1,E1,M,260
24,100,B,1,E1,M,268
25,100,B,1,E1,M,276
26,100,B,1,E1,F,276
27,100,B,1,E1,F,284
28,100,B,1,E1,NA,NA
29,100,B,1,E1,NA,NA
30,100,B,1,E1,NA,NA
1,100,B,2,E1,M,220
2,100,B,2,E1,M,220
3,100,B,2,E1,M,220
4,100,B,2,E1,F,220
5,100,B,2,E1,F,220
6,100,B,2,E1,F,220
7,100,B,2,E1,F,220
8,100,B,2,E1,F,228
9,100,B,2,E1,F,228
10,100,B,2,E1,F,228
11,100,B,2,E1,F,228
12,100,B,2,E1,F,228
13,100,B,2,E1,F,228
14,100,B,2,E1,F,228
15,100,B,2,E1,F,228
16,100,B,2,E1,F,228
17,100,B,2,E1,M,244
18,100,B,2,E1,F,244
19,100,B,2,E1,F,244
20,100,B,2,E1,F,252
21,100,B,2,E1,M,260
22,100,B,2,E1,F,268
23,100,B,2,E1,F,268
24,100,B,2,E1,M,268
25,100,B,2,E1,M,276
26,100,B,2,E1,M,284
27,100,B,2,E1,NA,NA
28,100,B,2,E1,NA,NA
29,100,B,2,E1,NA,NA
30,100,B,2,E1,NA,NA
1,100,C,1,E1,F,212
2,100,C,1,E1,F,212
3,100,C,1,E1,F,212
4,100,C,1,E1,F,212
5,100,C,1,E1,F,212
6,100,C,1,E1,F,212
7,100,C,1,E1,F,220
8,100,C,1,E1,F,220
9,100,C,1,E1,F,220
10,100,C,1,E1,M,236
11,100,C,1,E1,M,236
12,100,C,1,E1,M,244
13,100,C,1,E1,M,244
14,100,C,1,E1,F,244
15,100,C,1,E1,F,244
16,100,C,1,E1,F,244
17,100,C,1,E1,F,244
18,100,C,1,E1,F,244
19,100,C,1,E1,F,244
20,100,C,1,E1,F,244
21,100,C,1,E1,F,244
22,100,C,1,E1,F,244
23,100,C,1,E1,F,244
24,100,C,1,E1,NA,NA
25,100,C,1,E1,NA,NA
26,100,C,1,E1,NA,NA
27,100,C,1,E1,NA,NA
28,100,C,1,E1,NA,NA
29,100,C,1,E1,NA,NA
30,100,C,1,E1,NA,NA
1,100,C,2,E1,F,212
2,100,C,2,E1,F,212
3,100,C,2,E1,F,220
4,100,C,2,E1,F,220
5,100,C,2,E1,F,220
6,100,C,2,E1,M,228
7,100,C,2,E1,M,228
8,100,C,2,E1,M,228
9,100,C,2,E1,M,228
10,100,C,2,E1,M,228
11,100,C,2,E1,M,228
12,100,C,2,E1,M,228
13,100,C,2,E1,M,228
14,100,C,2,E1,M,232
15,100,C,2,E1,M,232
16,100,C,2,E1,F,232
17,100,C,2,E1,F,232
18,100,C,2,E1,F,232
19,100,C,2,E1,F,232
20,100,C,2,E1,F,232
21,100,C,2,E1,F,232
22,100,C,2,E1,F,244
23,100,C,2,E1,F,244
24,100,C,2,E1,F,244
25,100,C,2,E1,F,244
26,100,C,2,E1,F,244
27,100,C,2,E1,M,244
28,100,C,2,E1,M,244
29,100,C,2,E1,M,252
30,100,C,2,E1,F,252
1,100,D,1,E1,F,236
2,100,D,1,E1,F,236
3,100,D,1,E1,F,236
4,100,D,1,E1,F,236
5,100,D,1,E1,M,236
6,100,D,1,E1,M,236
7,100,D,1,E1,M,236
8,100,D,1,E1,M,244
9,100,D,1,E1,M,244
10,100,D,1,E1,M,244
11,100,D,1,E1,F,244
12,100,D,1,E1,F,244
13,100,D,1,E1,F,244
14,100,D,1,E1,F,244
15,100,D,1,E1,M,252
16,100,D,1,E1,M,252
17,100,D,1,E1,M,252
18,100,D,1,E1,M,252
19,100,D,1,E1,M,252
20,100,D,1,E1,M,260
21,100,D,1,E1,M,260
22,100,D,1,E1,M,268
23,100,D,1,E1,M,268
24,100,D,1,E1,M,268
25,100,D,1,E1,NA,NA
26,100,D,1,E1,NA,NA
27,100,D,1,E1,NA,NA
28,100,D,1,E1,NA,NA
29,100,D,1,E1,NA,NA
30,100,D,1,E1,NA,NA
1,100,D,2,E1,F,236
2,100,D,2,E1,F,236
3,100,D,2,E1,F,236
4,100,D,2,E1,M,244
5,100,D,2,E1,F,236
6,100,D,2,E1,F,236
7,100,D,2,E1,M,244
8,100,D,2,E1,M,244
9,100,D,2,E1,M,244
10,100,D,2,E1,M,244
11,100,D,2,E1,M,244
12,100,D,2,E1,F,244
13,100,D,2,E1,M,244
14,100,D,2,E1,M,252
15,100,D,2,E1,M,252
16,100,D,2,E1,M,252
17,100,D,2,E1,F,252
18,100,D,2,E1,F,252
19,100,D,2,E1,F,252
20,100,D,2,E1,F,252
21,100,D,2,E1,F,252
22,100,D,2,E1,M,260
23,100,D,2,E1,M,276
24,100,D,2,E1,M,276
25,100,D,2,E1,M,276
26,100,D,2,E1,NA,NA
27,100,D,2,E1,NA,NA
28,100,D,2,E1,NA,NA
29,100,D,2,E1,NA,NA
30,100,D,2,E1,NA,NA
1,101,A,1,E1,F,220
2,101,A,1,E1,M,228
3,101,A,1,E1,M,236
4,101,A,1,E1,M,236
5,101,A,1,E1,M,236
6,101,A,1,E1,M,236
7,101,A,1,E1,M,236
8,101,A,1,E1,M,244
9,101,A,1,E1,M,244
10,101,A,1,E1,M,244
11,101,A,1,E1,M,244
12,101,A,1,E1,M,244
13,101,A,1,E1,M,244
14,101,A,1,E1,F,244
15,101,A,1,E1,F,244
16,101,A,1,E1,F,244
17,101,A,1,E1,F,244
18,101,A,1,E1,F,244
19,101,A,1,E1,F,252
20,101,A,1,E1,F,252
21,101,A,1,E1,F,260
22,101,A,1,E1,F,260
23,101,A,1,E1,F,260
24,101,A,1,E1,M,260
25,101,A,1,E1,F,260
26,101,A,1,E1,F,260
27,101,A,1,E1,M,276
28,101,A,1,E1,M,276
29,101,A,1,E1,M,276
30,101,A,1,E1,M,284
1,101,A,2,E1,F,220
2,101,A,2,E1,F,220
3,101,A,2,E1,F,220
4,101,A,2,E1,F,220
5,101,A,2,E1,F,220
6,101,A,2,E1,F,220
7,101,A,2,E1,F,220
8,101,A,2,E1,F,220
9,101,A,2,E1,F,220
10,101,A,2,E1,M,220
11,101,A,2,E1,M,220
12,101,A,2,E1,F,228
13,101,A,2,E1,F,228
14,101,A,2,E1,F,228
15,101,A,2,E1,M,228
16,101,A,2,E1,M,228
17,101,A,2,E1,M,228
18,101,A,2,E1,M,228
19,101,A,2,E1,M,228
20,101,A,2,E1,M,228
21,101,A,2,E1,M,236
22,101,A,2,E1,M,236
23,101,A,2,E1,M,244
24,101,A,2,E1,M,244
25,101,A,2,E1,NA,NA
26,101,A,2,E1,NA,NA
27,101,A,2,E1,NA,NA
28,101,A,2,E1,NA,NA
29,101,A,2,E1,NA,NA
30,101,A,2,E1,NA,NA
1,101,B,1,E1,F,220
2,101,B,1,E1,F,220
3,101,B,1,E1,F,220
4,101,B,1,E1,F,228
5,101,B,1,E1,F,228
6,101,B,1,E1,F,228
7,101,B,1,E1,M,244
8,101,B,1,E1,F,244
9,101,B,1,E1,F,252
10,101,B,1,E1,M,252
11,101,B,1,E1,M,252
12,101,B,1,E1,M,252
13,101,B,1,E1,M,252
14,101,B,1,E1,M,252
15,101,B,1,E1,M,252
16,101,B,1,E1,M,252
17,101,B,1,E1,M,260
18,101,B,1,E1,M,268
19,101,B,1,E1,M,268
20,101,B,1,E1,F,268
21,101,B,1,E1,F,268
22,101,B,1,E1,F,268
23,101,B,1,E1,F,276
24,101,B,1,E1,F,276
25,101,B,1,E1,F,276
26,101,B,1,E1,F,276
27,101,B,1,E1,F,276
28,101,B,1,E1,F,284
29,101,B,1,E1,F,284
30,101,B,1,E1,NA,NA
1,101,B,2,E1,F,228
2,101,B,2,E1,F,228
3,101,B,2,E1,M,228
4,101,B,2,E1,F,236
5,101,B,2,E1,F,236
6,101,B,2,E1,F,244
7,101,B,2,E1,F,244
8,101,B,2,E1,F,244
9,101,B,2,E1,F,244
10,101,B,2,E1,M,244
11,101,B,2,E1,M,244
12,101,B,2,E1,F,244
13,101,B,2,E1,F,252
14,101,B,2,E1,F,252
15,101,B,2,E1,M,260
16,101,B,2,E1,M,260
17,101,B,2,E1,M,260
18,101,B,2,E1,M,268
19,101,B,2,E1,M,268
20,101,B,2,E1,M,276
21,101,B,2,E1,M,276
22,101,B,2,E1,M,276
23,101,B,2,E1,M,276
24,101,B,2,E1,M,276
25,101,B,2,E1,M,276
26,101,B,2,E1,M,284
27,101,B,2,E1,M,284
28,101,B,2,E1,M,284
29,101,B,2,E1,NA,NA
30,101,B,2,E1,NA,NA
1,101,C,1,E1,F,212
2,101,C,1,E1,F,212
3,101,C,1,E1,F,212
4,101,C,1,E1,F,212
5,101,C,1,E1,F,212
6,101,C,1,E1,F,212
7,101,C,1,E1,F,212
8,101,C,1,E1,F,212
9,101,C,1,E1,F,212
10,101,C,1,E1,F,212
11,101,C,1,E1,M,228
12,101,C,1,E1,F,228
13,101,C,1,E1,F,228
14,101,C,1,E1,M,228
15,101,C,1,E1,NA,NA
16,101,C,1,E1,NA,NA
17,101,C,1,E1,NA,NA
18,101,C,1,E1,NA,NA
19,101,C,1,E1,NA,NA
20,101,C,1,E1,NA,NA
21,101,C,1,E1,NA,NA
22,101,C,1,E1,NA,NA
23,101,C,1,E1,NA,NA
24,101,C,1,E1,NA,NA
25,101,C,1,E1,NA,NA
26,101,C,1,E1,NA,NA
27,101,C,1,E1,NA,NA
28,101,C,1,E1,NA,NA
29,101,C,1,E1,NA,NA
30,101,C,1,E1,NA,NA
1,101,C,2,E1,M,220
2,101,C,2,E1,M,220
3,101,C,2,E1,M,220
4,101,C,2,E1,M,228
5,101,C,2,E1,M,228
6,101,C,2,E1,M,228
7,101,C,2,E1,M,228
8,101,C,2,E1,M,228
9,101,C,2,E1,M,228
10,101,C,2,E1,F,228
11,101,C,2,E1,F,228
12,101,C,2,E1,F,228
13,101,C,2,E1,F,228
14,101,C,2,E1,F,228
15,101,C,2,E1,F,236
16,101,C,2,E1,F,236
17,101,C,2,E1,F,236
18,101,C,2,E1,F,236
19,101,C,2,E1,F,236
20,101,C,2,E1,M,236
21,101,C,2,E1,M,236
22,101,C,2,E1,F,236
23,101,C,2,E1,M,236
24,101,C,2,E1,F,236
25,101,C,2,E1,NA,NA
26,101,C,2,E1,NA,NA
27,101,C,2,E1,NA,NA
28,101,C,2,E1,NA,NA
29,101,C,2,E1,NA,NA
30,101,C,2,E1,NA,NA
1,101,D,1,E1,F,244
2,101,D,1,E1,F,244
3,101,D,1,E1,F,244
4,101,D,1,E1,F,244
5,101,D,1,E1,F,244
6,101,D,1,E1,F,244
7,101,D,1,E1,F,244
8,101,D,1,E1,F,244
9,101,D,1,E1,F,244
10,101,D,1,E1,M,244
11,101,D,1,E1,M,244
12,101,D,1,E1,M,244
13,101,D,1,E1,M,244
14,101,D,1,E1,M,252
15,101,D,1,E1,M,252
16,101,D,1,E1,M,252
17,101,D,1,E1,M,252
18,101,D,1,E1,M,252
19,101,D,1,E1,M,252
20,101,D,1,E1,F,252
21,101,D,1,E1,F,252
22,101,D,1,E1,F,252
23,101,D,1,E1,M,268
24,101,D,1,E1,M,268
25,101,D,1,E1,M,276
26,101,D,1,E1,NA,NA
27,101,D,1,E1,NA,NA
28,101,D,1,E1,NA,NA
29,101,D,1,E1,NA,NA
30,101,D,1,E1,NA,NA
1,101,D,2,E1,M,244
2,101,D,2,E1,F,244
3,101,D,2,E1,F,244
4,101,D,2,E1,F,244
5,101,D,2,E1,M,252
6,101,D,2,E1,M,252
7,101,D,2,E1,F,252
8,101,D,2,E1,M,252
9,101,D,2,E1,F,252
10,101,D,2,E1,F,252
11,101,D,2,E1,F,244
12,101,D,2,E1,F,244
13,101,D,2,E1,M,260
14,101,D,2,E1,M,260
15,101,D,2,E1,M,260
16,101,D,2,E1,M,260
17,101,D,2,E1,M,260
18,101,D,2,E1,F,260
19,101,D,2,E1,F,260
20,101,D,2,E1,F,268
21,101,D,2,E1,F,268
22,101,D,2,E1,F,268
23,101,D,2,E1,F,268
24,101,D,2,E1,F,268
25,101,D,2,E1,M,268
26,101,D,2,E1,M,268
27,101,D,2,E1,NA,NA
28,101,D,2,E1,NA,NA
29,101,D,2,E1,NA,NA
30,101,D,2,E1,NA,NA
1,102,A,1,E1,F,220
2,102,A,1,E1,F,220
3,102,A,1,E1,F,220
4,102,A,1,E1,F,228
5,102,A,1,E1,F,228
6,102,A,1,E1,F,228
7,102,A,1,E1,M,236
8,102,A,1,E1,F,244
9,102,A,1,E1,F,244
10,102,A,1,E1,F,244
11,102,A,1,E1,F,244
12,102,A,1,E1,M,244
13,102,A,1,E1,M,252
14,102,A,1,E1,M,252
15,102,A,1,E1,M,252
16,102,A,1,E1,M,252
17,102,A,1,E1,F,252
18,102,A,1,E1,F,252
19,102,A,1,E1,F,260
20,102,A,1,E1,F,260
21,102,A,1,E1,F,276
22,102,A,1,E1,F,276
23,102,A,1,E1,F,284
24,102,A,1,E1,M,284
25,102,A,1,E1,M,284
26,102,A,1,E1,NA,NA
27,102,A,1,E1,NA,NA
28,102,A,1,E1,NA,NA
29,102,A,1,E1,NA,NA
30,102,A,1,E1,NA,NA
1,102,A,2,E1,M,228
2,102,A,2,E1,M,228
3,102,A,2,E1,M,244
4,102,A,2,E1,M,244
5,102,A,2,E1,M,244
6,102,A,2,E1,M,244
7,102,A,2,E1,M,244
8,102,A,2,E1,M,244
9,102,A,2,E1,M,244
10,102,A,2,E1,M,244
11,102,A,2,E1,M,244
12,102,A,2,E1,M,244
13,102,A,2,E1,M,244
14,102,A,2,E1,F,244
15,102,A,2,E1,F,244
16,102,A,2,E1,F,252
17,102,A,2,E1,F,252
18,102,A,2,E1,F,252
19,102,A,2,E1,F,252
20,102,A,2,E1,F,252
21,102,A,2,E1,F,252
22,102,A,2,E1,F,252
23,102,A,2,E1,F,252
24,102,A,2,E1,M,252
25,102,A,2,E1,NA,NA
26,102,A,2,E1,NA,NA
27,102,A,2,E1,NA,NA
28,102,A,2,E1,NA,NA
29,102,A,2,E1,NA,NA
30,102,A,2,E1,NA,NA
1,102,B,1,E1,F,204
2,102,B,1,E1,M,204
3,102,B,1,E1,M,204
4,102,B,1,E1,M,220
5,102,B,1,E1,M,244
6,102,B,1,E1,M,244
7,102,B,1,E1,M,244
8,102,B,1,E1,M,244
9,102,B,1,E1,M,244
10,102,B,1,E1,M,244
11,102,B,1,E1,M,252
12,102,B,1,E1,M,252
13,102,B,1,E1,F,252
14,102,B,1,E1,F,252
15,102,B,1,E1,F,252
16,102,B,1,E1,F,252
17,102,B,1,E1,F,252
18,102,B,1,E1,F,260
19,102,B,1,E1,M,260
20,102,B,1,E1,M,260
21,102,B,1,E1,F,260
22,102,B,1,E1,M,260
23,102,B,1,E1,M,268
24,102,B,1,E1,M,268
25,102,B,1,E1,M,268
26,102,B,1,E1,M,268
27,102,B,1,E1,M,276
28,102,B,1,E1,M,276
29,102,B,1,E1,M,276
30,102,B,1,E1,M,276
1,102,B,2,E1,M,204
2,102,B,2,E1,M,204
3,102,B,2,E1,M,204
4,102,B,2,E1,M,204
5,102,B,2,E1,F,204
6,102,B,2,E1,F,220
7,102,B,2,E1,F,220
8,102,B,2,E1,F,220
9,102,B,2,E1,F,220
10,102,B,2,E1,F,220
11,102,B,2,E1,F,220
12,102,B,2,E1,F,228
13,102,B,2,E1,F,228
14,102,B,2,E1,F,228
15,102,B,2,E1,M,236
16,102,B,2,E1,M,236
17,102,B,2,E1,M,244
18,102,B,2,E1,M,244
19,102,B,2,E1,M,252
20,102,B,2,E1,M,252
21,102,B,2,E1,M,260
22,102,B,2,E1,M,260
23,102,B,2,E1,M,268
24,102,B,2,E1,M,268
25,102,B,2,E1,F,276
26,102,B,2,E1,F,276
27,102,B,2,E1,F,276
28,102,B,2,E1,F,284
29,102,B,2,E1,F,284
30,102,B,2,E1,F,284
1,102,C,1,E1,F,196
2,102,C,1,E1,F,196
3,102,C,1,E1,F,196
4,102,C,1,E1,F,196
5,102,C,1,E1,M,204
6,102,C,1,E1,F,204
7,102,C,1,E1,F,204
8,102,C,1,E1,M,204
9,102,C,1,E1,M,204
10,102,C,1,E1,M,204
11,102,C,1,E1,M,204
12,102,C,1,E1,M,204
13,102,C,1,E1,M,212
14,102,C,1,E1,M,212
15,102,C,1,E1,M,212
16,102,C,1,E1,M,212
17,102,C,1,E1,M,220
18,102,C,1,E1,M,220
19,102,C,1,E1,F,220
20,102,C,1,E1,F,220
21,102,C,1,E1,F,228
22,102,C,1,E1,F,228
23,102,C,1,E1,F,228
24,102,C,1,E1,F,228
25,102,C,1,E1,NA,NA
26,102,C,1,E1,NA,NA
27,102,C,1,E1,NA,NA
28,102,C,1,E1,NA,NA
29,102,C,1,E1,NA,NA
30,102,C,1,E1,NA,NA
1,102,C,2,E1,M,204
2,102,C,2,E1,M,204
3,102,C,2,E1,M,204
4,102,C,2,E1,F,204
5,102,C,2,E1,F,204
6,102,C,2,E1,F,204
7,102,C,2,E1,F,204
8,102,C,2,E1,F,204
9,102,C,2,E1,F,204
10,102,C,2,E1,M,212
11,102,C,2,E1,M,212
12,102,C,2,E1,M,212
13,102,C,2,E1,F,212
14,102,C,2,E1,F,212
15,102,C,2,E1,M,212
16,102,C,2,E1,M,220
17,102,C,2,E1,F,220
18,102,C,2,E1,M,220
19,102,C,2,E1,M,220
20,102,C,2,E1,M,220
21,102,C,2,E1,M,220
22,102,C,2,E1,M,220
23,102,C,2,E1,M,228
24,102,C,2,E1,M,228
25,102,C,2,E1,M,228
26,102,C,2,E1,M,228
27,102,C,2,E1,F,228
28,102,C,2,E1,M,228
29,102,C,2,E1,M,228
30,102,C,2,E1,M,228
1,102,D,1,E1,F,244
2,102,D,1,E1,M,244
3,102,D,1,E1,F,252
4,102,D,1,E1,F,252
5,102,D,1,E1,F,252
6,102,D,1,E1,F,252
7,102,D,1,E1,F,252
8,102,D,1,E1,F,252
9,102,D,1,E1,M,252
10,102,D,1,E1,M,260
11,102,D,1,E1,M,260
12,102,D,1,E1,M,260
13,102,D,1,E1,M,260
14,102,D,1,E1,F,260
15,102,D,1,E1,F,260
16,102,D,1,E1,F,260
17,102,D,1,E1,F,260
18,102,D,1,E1,F,260
19,102,D,1,E1,F,260
20,102,D,1,E1,M,268
21,102,D,1,E1,M,268
22,102,D,1,E1,M,268
23,102,D,1,E1,F,268
24,102,D,1,E1,F,268
25,102,D,1,E1,NA,NA
26,102,D,1,E1,NA,NA
27,102,D,1,E1,NA,NA
28,102,D,1,E1,NA,NA
29,102,D,1,E1,NA,NA
30,102,D,1,E1,NA,NA
1,102,D,2,E1,M,244
2,102,D,2,E1,M,244
3,102,D,2,E1,M,244
4,102,D,2,E1,M,244
5,102,D,2,E1,M,244
6,102,D,2,E1,M,244
7,102,D,2,E1,F,244
8,102,D,2,E1,F,244
9,102,D,2,E1,F,252
10,102,D,2,E1,F,252
11,102,D,2,E1,F,252
12,102,D,2,E1,F,252
13,102,D,2,E1,M,252
14,102,D,2,E1,M,252
15,102,D,2,E1,M,252
16,102,D,2,E1,M,268
17,102,D,2,E1,M,268
18,102,D,2,E1,M,268
19,102,D,2,E1,M,268
20,102,D,2,E1,M,276
21,102,D,2,E1,NA,NA
22,102,D,2,E1,NA,NA
23,102,D,2,E1,NA,NA
24,102,D,2,E1,NA,NA
25,102,D,2,E1,NA,NA
26,102,D,2,E1,NA,NA
27,102,D,2,E1,NA,NA
28,102,D,2,E1,NA,NA
29,102,D,2,E1,NA,NA
30,102,D,2,E1,NA,NA
1,103,A,1,E1,M,220
2,103,A,1,E1,M,220
3,103,A,1,E1,M,220
4,103,A,1,E1,F,220
5,103,A,1,E1,F,220
6,103,A,1,E1,F,220
7,103,A,1,E1,M,228
8,103,A,1,E1,M,228
9,103,A,1,E1,M,228
10,103,A,1,E1,M,228
11,103,A,1,E1,M,236
12,103,A,1,E1,F,236
13,103,A,1,E1,F,236
14,103,A,1,E1,F,236
15,103,A,1,E1,F,236
16,103,A,1,E1,F,236
17,103,A,1,E1,M,236
18,103,A,1,E1,M,236
19,103,A,1,E1,F,236
20,103,A,1,E1,F,236
21,103,A,1,E1,F,244
22,103,A,1,E1,F,244
23,103,A,1,E1,M,244
24,103,A,1,E1,M,244
25,103,A,1,E1,M,252
26,103,A,1,E1,M,260
27,103,A,1,E1,M,260
28,103,A,1,E1,NA,NA
29,103,A,1,E1,NA,NA
30,103,A,1,E1,NA,NA
1,103,A,2,E1,F,220
2,103,A,2,E1,F,220
3,103,A,2,E1,F,228
4,103,A,2,E1,F,228
5,103,A,2,E1,F,228
6,103,A,2,E1,F,228
7,103,A,2,E1,F,228
8,103,A,2,E1,F,228
9,103,A,2,E1,F,228
10,103,A,2,E1,M,236
11,103,A,2,E1,F,236
12,103,A,2,E1,M,244
13,103,A,2,E1,M,244
14,103,A,2,E1,M,244
15,103,A,2,E1,M,244
16,103,A,2,E1,F,244
17,103,A,2,E1,F,268
18,103,A,2,E1,F,268
19,103,A,2,E1,F,276
20,103,A,2,E1,F,284
21,103,A,2,E1,M,284
22,103,A,2,E1,M,284
23,103,A,2,E1,M,284
24,103,A,2,E1,M,284
25,103,A,2,E1,M,284
26,103,A,2,E1,F,284
27,103,A,2,E1,M,284
28,103,A,2,E1,M,284
29,103,A,2,E1,M,292
30,103,A,2,E1,M,292
1,103,B,1,E1,F,212
2,103,B,1,E1,F,212
3,103,B,1,E1,F,220
4,103,B,1,E1,F,220
5,103,B,1,E1,F,220
6,103,B,1,E1,F,220
7,103,B,1,E1,M,228
8,103,B,1,E1,M,228
9,103,B,1,E1,M,228
10,103,B,1,E1,M,228
11,103,B,1,E1,M,228
12,103,B,1,E1,M,228
13,103,B,1,E1,M,228
14,103,B,1,E1,F,220
15,103,B,1,E1,F,228
16,103,B,1,E1,F,228
17,103,B,1,E1,F,228
18,103,B,1,E1,F,228
19,103,B,1,E1,M,228
20,103,B,1,E1,F,228
21,103,B,1,E1,F,228
22,103,B,1,E1,F,228
23,103,B,1,E1,F,228
24,103,B,1,E1,F,228
25,103,B,1,E1,M,228
26,103,B,1,E1,M,236
27,103,B,1,E1,M,244
28,103,B,1,E1,M,244
29,103,B,1,E1,M,244
30,103,B,1,E1,M,244
1,103,B,2,E1,M,220
2,103,B,2,E1,F,220
3,103,B,2,E1,F,220
4,103,B,2,E1,F,220
5,103,B,2,E1,F,228
6,103,B,2,E1,F,228
7,103,B,2,E1,M,228
8,103,B,2,E1,M,228
9,103,B,2,E1,M,228
10,103,B,2,E1,F,228
11,103,B,2,E1,M,236
12,103,B,2,E1,M,236
13,103,B,2,E1,M,236
14,103,B,2,E1,M,236
15,103,B,2,E1,M,236
16,103,B,2,E1,M,236
17,103,B,2,E1,M,236
18,103,B,2,E1,M,236
19,103,B,2,E1,F,236
20,103,B,2,E1,F,236
21,103,B,2,E1,F,236
22,103,B,2,E1,F,236
23,103,B,2,E1,F,236
24,103,B,2,E1,F,244
25,103,B,2,E1,F,244
26,103,B,2,E1,F,244
27,103,B,2,E1,M,252
28,103,B,2,E1,M,252
29,103,B,2,E1,F,252
30,103,B,2,E1,F,252
1,103,C,1,E1,F,196
2,103,C,1,E1,F,196
3,103,C,1,E1,F,196
4,103,C,1,E1,F,196
5,103,C,1,E1,F,196
6,103,C,1,E1,F,196
7,103,C,1,E1,F,204
8,103,C,1,E1,F,204
9,103,C,1,E1,F,204
10,103,C,1,E1,F,204
11,103,C,1,E1,F,204
12,103,C,1,E1,F,204
13,103,C,1,E1,M,204
14,103,C,1,E1,M,204
15,103,C,1,E1,M,204
16,103,C,1,E1,F,204
17,103,C,1,E1,F,212
18,103,C,1,E1,F,212
19,103,C,1,E1,M,212
20,103,C,1,E1,M,212
21,103,C,1,E1,M,212
22,103,C,1,E1,M,212
23,103,C,1,E1,M,220
24,103,C,1,E1,F,220
25,103,C,1,E1,F,220
26,103,C,1,E1,F,220
27,103,C,1,E1,F,220
28,103,C,1,E1,NA,NA
29,103,C,1,E1,NA,NA
30,103,C,1,E1,NA,NA
1,103,C,2,E1,F,204
2,103,C,2,E1,F,204
3,103,C,2,E1,F,204
4,103,C,2,E1,F,204
5,103,C,2,E1,F,204
6,103,C,2,E1,F,204
7,103,C,2,E1,F,212
8,103,C,2,E1,F,212
9,103,C,2,E1,F,212
10,103,C,2,E1,F,212
11,103,C,2,E1,F,212
12,103,C,2,E1,M,220
13,103,C,2,E1,M,220
14,103,C,2,E1,F,220
15,103,C,2,E1,F,228
16,103,C,2,E1,F,228
17,103,C,2,E1,F,228
18,103,C,2,E1,F,228
19,103,C,2,E1,M,228
20,103,C,2,E1,F,228
21,103,C,2,E1,F,228
22,103,C,2,E1,F,228
23,103,C,2,E1,F,228
24,103,C,2,E1,F,228
25,103,C,2,E1,M,228
26,103,C,2,E1,M,228
27,103,C,2,E1,M,228
28,103,C,2,E1,M,228
29,103,C,2,E1,M,228
30,103,C,2,E1,M,228
1,103,D,1,E1,M,236
2,103,D,1,E1,F,236
3,103,D,1,E1,F,236
4,103,D,1,E1,F,236
5,103,D,1,E1,F,236
6,103,D,1,E1,F,236
7,103,D,1,E1,F,236
8,103,D,1,E1,F,236
9,103,D,1,E1,F,236
10,103,D,1,E1,F,236
11,103,D,1,E1,F,244
12,103,D,1,E1,F,244
13,103,D,1,E1,F,244
14,103,D,1,E1,F,244
15,103,D,1,E1,M,244
16,103,D,1,E1,M,244
17,103,D,1,E1,F,244
18,103,D,1,E1,M,244
19,103,D,1,E1,M,244
20,103,D,1,E1,M,244
21,103,D,1,E1,M,244
22,103,D,1,E1,M,244
23,103,D,1,E1,M,244
24,103,D,1,E1,F,244
25,103,D,1,E1,M,252
26,103,D,1,E1,M,252
27,103,D,1,E1,NA,NA
28,103,D,1,E1,NA,NA
29,103,D,1,E1,NA,NA
30,103,D,1,E1,NA,NA
1,103,D,2,E1,F,236
2,103,D,2,E1,F,236
3,103,D,2,E1,F,236
4,103,D,2,E1,F,236
5,103,D,2,E1,F,236
6,103,D,2,E1,F,236
7,103,D,2,E1,F,236
8,103,D,2,E1,F,236
9,103,D,2,E1,F,236
10,103,D,2,E1,M,244
11,103,D,2,E1,M,244
12,103,D,2,E1,M,244
13,103,D,2,E1,M,244
14,103,D,2,E1,M,244
15,103,D,2,E1,M,244
16,103,D,2,E1,M,244
17,103,D,2,E1,F,244
18,103,D,2,E1,F,244
19,103,D,2,E1,F,244
20,103,D,2,E1,F,244
21,103,D,2,E1,F,244
22,103,D,2,E1,NA,NA
23,103,D,2,E1,NA,NA
24,103,D,2,E1,NA,NA
25,103,D,2,E1,NA,NA
26,103,D,2,E1,NA,NA
27,103,D,2,E1,NA,NA
28,103,D,2,E1,NA,NA
29,103,D,2,E1,NA,NA
30,103,D,2,E1,NA,NA
1,104,A,1,E1,F,204
2,104,A,1,E1,F,212
3,104,A,1,E1,F,212
4,104,A,1,E1,F,220
5,104,A,1,E1,F,220
6,104,A,1,E1,F,220
7,104,A,1,E1,F,220
8,104,A,1,E1,F,220
9,104,A,1,E1,M,228
10,104,A,1,E1,M,228
11,104,A,1,E1,M,228
12,104,A,1,E1,M,228
13,104,A,1,E1,M,228
14,104,A,1,E1,M,228
15,104,A,1,E1,M,228
16,104,A,1,E1,F,236
17,104,A,1,E1,F,236
18,104,A,1,E1,F,236
19,104,A,1,E1,M,236
20,104,A,1,E1,M,236
21,104,A,1,E1,M,236
22,104,A,1,E1,M,236
23,104,A,1,E1,M,236
24,104,A,1,E1,M,244
25,104,A,1,E1,M,244
26,104,A,1,E1,M,244
27,104,A,1,E1,F,244
28,104,A,1,E1,NA,NA
29,104,A,1,E1,NA,NA
30,104,A,1,E1,NA,NA
1,104,A,2,E1,F,212
2,104,A,2,E1,F,212
3,104,A,2,E1,F,212
4,104,A,2,E1,F,212
5,104,A,2,E1,F,220
6,104,A,2,E1,F,220
7,104,A,2,E1,F,220
8,104,A,2,E1,F,220
9,104,A,2,E1,F,228
10,104,A,2,E1,F,228
11,104,A,2,E1,F,228
12,104,A,2,E1,F,228
13,104,A,2,E1,M,236
14,104,A,2,E1,M,236
15,104,A,2,E1,M,236
16,104,A,2,E1,F,236
17,104,A,2,E1,F,236
18,104,A,2,E1,F,236
19,104,A,2,E1,F,236
20,104,A,2,E1,F,236
21,104,A,2,E1,F,236
22,104,A,2,E1,F,236
23,104,A,2,E1,F,236
24,104,A,2,E1,F,236
25,104,A,2,E1,NA,NA
26,104,A,2,E1,NA,NA
27,104,A,2,E1,NA,NA
28,104,A,2,E1,NA,NA
29,104,A,2,E1,NA,NA
30,104,A,2,E1,NA,NA
1,104,B,1,E1,M,228
2,104,B,1,E1,F,228
3,104,B,1,E1,M,228
4,104,B,1,E1,M,236
5,104,B,1,E1,F,236
6,104,B,1,E1,F,236
7,104,B,1,E1,F,236
8,104,B,1,E1,F,236
9,104,B,1,E1,F,236
10,104,B,1,E1,F,236
11,104,B,1,E1,M,236
12,104,B,1,E1,M,236
13,104,B,1,E1,F,236
14,104,B,1,E1,M,236
15,104,B,1,E1,M,236
16,104,B,1,E1,F,236
17,104,B,1,E1,F,236
18,104,B,1,E1,F,236
19,104,B,1,E1,F,236
20,104,B,1,E1,F,236
21,104,B,1,E1,M,236
22,104,B,1,E1,M,236
23,104,B,1,E1,M,236
24,104,B,1,E1,F,236
25,104,B,1,E1,F,236
26,104,B,1,E1,F,236
27,104,B,1,E1,F,244
28,104,B,1,E1,F,244
29,104,B,1,E1,NA,NA
30,104,B,1,E1,NA,NA
1,104,B,2,E1,F,228
2,104,B,2,E1,F,228
3,104,B,2,E1,F,228
4,104,B,2,E1,F,228
5,104,B,2,E1,F,236
6,104,B,2,E1,F,236
7,104,B,2,E1,F,236
8,104,B,2,E1,F,236
9,104,B,2,E1,M,236
10,104,B,2,E1,M,236
11,104,B,2,E1,M,236
12,104,B,2,E1,M,236
13,104,B,2,E1,F,236
14,104,B,2,E1,M,236
15,104,B,2,E1,F,236
16,104,B,2,E1,F,236
17,104,B,2,E1,M,236
18,104,B,2,E1,NA,NA
19,104,B,2,E1,NA,NA
20,104,B,2,E1,NA,NA
21,104,B,2,E1,NA,NA
22,104,B,2,E1,NA,NA
23,104,B,2,E1,NA,NA
24,104,B,2,E1,NA,NA
25,104,B,2,E1,NA,NA
26,104,B,2,E1,NA,NA
27,104,B,2,E1,NA,NA
28,104,B,2,E1,NA,NA
29,104,B,2,E1,NA,NA
30,104,B,2,E1,NA,NA
1,104,C,1,E1,F,188
2,104,C,1,E1,F,188
3,104,C,1,E1,F,188
4,104,C,1,E1,F,188
5,104,C,1,E1,F,188
6,104,C,1,E1,F,188
7,104,C,1,E1,F,196
8,104,C,1,E1,M,196
9,104,C,1,E1,M,204
10,104,C,1,E1,M,204
11,104,C,1,E1,F,204
12,104,C,1,E1,M,204
13,104,C,1,E1,F,204
14,104,C,1,E1,F,212
15,104,C,1,E1,M,212
16,104,C,1,E1,F,212
17,104,C,1,E1,M,212
18,104,C,1,E1,M,212
19,104,C,1,E1,F,220
20,104,C,1,E1,F,220
21,104,C,1,E1,F,220
22,104,C,1,E1,F,220
23,104,C,1,E1,F,220
24,104,C,1,E1,F,220
25,104,C,1,E1,F,228
26,104,C,1,E1,F,228
27,104,C,1,E1,F,228
28,104,C,1,E1,F,228
29,104,C,1,E1,F,228
30,104,C,1,E1,F,236
1,104,C,2,E1,F,196
2,104,C,2,E1,F,196
3,104,C,2,E1,F,196
4,104,C,2,E1,M,196
5,104,C,2,E1,F,196
6,104,C,2,E1,F,196
7,104,C,2,E1,F,196
8,104,C,2,E1,F,196
9,104,C,2,E1,M,204
10,104,C,2,E1,M,204
11,104,C,2,E1,M,204
12,104,C,2,E1,F,204
13,104,C,2,E1,F,212
14,104,C,2,E1,F,212
15,104,C,2,E1,F,212
16,104,C,2,E1,F,212
17,104,C,2,E1,F,212
18,104,C,2,E1,M,220
19,104,C,2,E1,M,220
20,104,C,2,E1,M,220
21,104,C,2,E1,F,220
22,104,C,2,E1,F,220
23,104,C,2,E1,F,228
24,104,C,2,E1,F,228
25,104,C,2,E1,F,228
26,104,C,2,E1,F,228
27,104,C,2,E1,F,228
28,104,C,2,E1,F,228
29,104,C,2,E1,F,228
30,104,C,2,E1,F,228
1,104,D,1,E1,F,228
2,104,D,1,E1,F,228
3,104,D,1,E1,F,228
4,104,D,1,E1,F,228
5,104,D,1,E1,F,228
6,104,D,1,E1,F,228
7,104,D,1,E1,M,244
8,104,D,1,E1,M,244
9,104,D,1,E1,M,244
10,104,D,1,E1,M,244
11,104,D,1,E1,M,244
12,104,D,1,E1,M,244
13,104,D,1,E1,M,244
14,104,D,1,E1,F,244
15,104,D,1,E1,F,244
16,104,D,1,E1,F,244
17,104,D,1,E1,F,244
18,104,D,1,E1,F,244
19,104,D,1,E1,F,244
20,104,D,1,E1,F,244
21,104,D,1,E1,F,244
22,104,D,1,E1,F,244
23,104,D,1,E1,F,244
24,104,D,1,E1,F,244
25,104,D,1,E1,F,244
26,104,D,1,E1,F,244
27,104,D,1,E1,F,244
28,104,D,1,E1,F,244
29,104,D,1,E1,M,252
30,104,D,1,E1,M,252
1,104,D,2,E1,M,244
2,104,D,2,E1,M,244
3,104,D,2,E1,F,244
4,104,D,2,E1,F,244
5,104,D,2,E1,F,244
6,104,D,2,E1,F,244
7,104,D,2,E1,M,252
8,104,D,2,E1,M,252
9,104,D,2,E1,F,252
10,104,D,2,E1,F,252
11,104,D,2,E1,M,252
12,104,D,2,E1,M,252
13,104,D,2,E1,M,252
14,104,D,2,E1,M,252
15,104,D,2,E1,M,252
16,104,D,2,E1,F,252
17,104,D,2,E1,F,252
18,104,D,2,E1,F,252
19,104,D,2,E1,F,252
20,104,D,2,E1,F,252
21,104,D,2,E1,M,260
22,104,D,2,E1,M,260
23,104,D,2,E1,M,260
24,104,D,2,E1,M,260
25,104,D,2,E1,F,260
26,104,D,2,E1,F,260
27,104,D,2,E1,F,260
28,104,D,2,E1,NA,NA
29,104,D,2,E1,NA,NA
30,104,D,2,E1,NA,NA
1,105,A,1,E1,F,220
2,105,A,1,E1,F,220
3,105,A,1,E1,F,220
4,105,A,1,E1,F,220
5,105,A,1,E1,F,220
6,105,A,1,E1,F,228
7,105,A,1,E1,F,228
8,105,A,1,E1,M,236
9,105,A,1,E1,M,236
10,105,A,1,E1,F,236
11,105,A,1,E1,F,236
12,105,A,1,E1,M,236
13,105,A,1,E1,M,236
14,105,A,1,E1,M,236
15,105,A,1,E1,M,244
16,105,A,1,E1,M,244
17,105,A,1,E1,F,244
18,105,A,1,E1,F,244
19,105,A,1,E1,F,244
20,105,A,1,E1,F,252
21,105,A,1,E1,F,260
22,105,A,1,E1,M,260
23,105,A,1,E1,M,268
24,105,A,1,E1,M,268
25,105,A,1,E1,M,276
26,105,A,1,E1,M,276
27,105,A,1,E1,M,276
28,105,A,1,E1,M,284
29,105,A,1,E1,NA,NA
30,105,A,1,E1,NA,NA
1,105,A,2,E1,F,228
2,105,A,2,E1,F,228
3,105,A,2,E1,F,228
4,105,A,2,E1,F,228
5,105,A,2,E1,F,236
6,105,A,2,E1,F,236
7,105,A,2,E1,F,236
8,105,A,2,E1,M,236
9,105,A,2,E1,M,236
10,105,A,2,E1,F,236
11,105,A,2,E1,F,236
12,105,A,2,E1,M,236
13,105,A,2,E1,M,236
14,105,A,2,E1,M,236
15,105,A,2,E1,M,236
16,105,A,2,E1,M,236
17,105,A,2,E1,F,236
18,105,A,2,E1,F,236
19,105,A,2,E1,F,236
20,105,A,2,E1,F,236
21,105,A,2,E1,F,236
22,105,A,2,E1,F,236
23,105,A,2,E1,F,236
24,105,A,2,E1,F,236
25,105,A,2,E1,F,236
26,105,A,2,E1,F,236
27,105,A,2,E1,F,236
28,105,A,2,E1,NA,NA
29,105,A,2,E1,NA,NA
30,105,A,2,E1,NA,NA
1,105,B,1,E1,F,228
2,105,B,1,E1,F,228
3,105,B,1,E1,F,228
4,105,B,1,E1,F,228
5,105,B,1,E1,F,228
6,105,B,1,E1,F,228
7,105,B,1,E1,M,236
8,105,B,1,E1,M,236
9,105,B,1,E1,M,236
10,105,B,1,E1,F,236
11,105,B,1,E1,F,236
12,105,B,1,E1,M,236
13,105,B,1,E1,F,236
14,105,B,1,E1,F,236
15,105,B,1,E1,F,236
16,105,B,1,E1,F,236
17,105,B,1,E1,F,236
18,105,B,1,E1,M,236
19,105,B,1,E1,F,236
20,105,B,1,E1,F,236
21,105,B,1,E1,M,236
22,105,B,1,E1,M,236
23,105,B,1,E1,M,236
24,105,B,1,E1,M,236
25,105,B,1,E1,M,236
26,105,B,1,E1,NA,NA
27,105,B,1,E1,NA,NA
28,105,B,1,E1,NA,NA
29,105,B,1,E1,NA,NA
30,105,B,1,E1,NA,NA
1,105,B,2,E1,F,228
2,105,B,2,E1,F,228
3,105,B,2,E1,F,228
4,105,B,2,E1,F,228
5,105,B,2,E1,F,236
6,105,B,2,E1,F,236
7,105,B,2,E1,M,236
8,105,B,2,E1,M,236
9,105,B,2,E1,F,236
10,105,B,2,E1,M,236
11,105,B,2,E1,M,236
12,105,B,2,E1,M,236
13,105,B,2,E1,M,236
14,105,B,2,E1,F,236
15,105,B,2,E1,F,236
16,105,B,2,E1,M,236
17,105,B,2,E1,M,236
18,105,B,2,E1,M,236
19,105,B,2,E1,F,236
20,105,B,2,E1,F,236
21,105,B,2,E1,M,244
22,105,B,2,E1,F,244
23,105,B,2,E1,F,260
24,105,B,2,E1,F,268
25,105,B,2,E1,F,268
26,105,B,2,E1,F,268
27,105,B,2,E1,F,268
28,105,B,2,E1,NA,NA
29,105,B,2,E1,NA,NA
30,105,B,2,E1,NA,NA
1,105,C,1,E1,F,196
2,105,C,1,E1,F,196
3,105,C,1,E1,F,196
4,105,C,1,E1,F,196
5,105,C,1,E1,F,196
6,105,C,1,E1,F,196
7,105,C,1,E1,F,196
8,105,C,1,E1,F,196
9,105,C,1,E1,M,204
10,105,C,1,E1,M,204
11,105,C,1,E1,M,204
12,105,C,1,E1,M,204
13,105,C,1,E1,M,204
14,105,C,1,E1,M,204
15,105,C,1,E1,M,204
16,105,C,1,E1,F,204
17,105,C,1,E1,F,204
18,105,C,1,E1,F,204
19,105,C,1,E1,F,204
20,105,C,1,E1,F,204
21,105,C,1,E1,F,212
22,105,C,1,E1,F,212
23,105,C,1,E1,F,212
24,105,C,1,E1,F,212
25,105,C,1,E1,F,212
26,105,C,1,E1,F,212
27,105,C,1,E1,F,212
28,105,C,1,E1,F,212
29,105,C,1,E1,F,212
30,105,C,1,E1,F,212
1,105,C,2,E1,F,196
2,105,C,2,E1,F,204
3,105,C,2,E1,F,204
4,105,C,2,E1,F,204
5,105,C,2,E1,F,204
6,105,C,2,E1,F,204
7,105,C,2,E1,F,204
8,105,C,2,E1,F,204
9,105,C,2,E1,F,204
10,105,C,2,E1,F,204
11,105,C,2,E1,F,204
12,105,C,2,E1,F,212
13,105,C,2,E1,F,212
14,105,C,2,E1,F,212
15,105,C,2,E1,F,212
16,105,C,2,E1,F,212
17,105,C,2,E1,M,212
18,105,C,2,E1,M,212
19,105,C,2,E1,M,228
20,105,C,2,E1,M,228
21,105,C,2,E1,M,228
22,105,C,2,E1,M,228
23,105,C,2,E1,M,228
24,105,C,2,E1,M,228
25,105,C,2,E1,M,228
26,105,C,2,E1,M,228
27,105,C,2,E1,M,228
28,105,C,2,E1,NA,NA
29,105,C,2,E1,NA,NA
30,105,C,2,E1,NA,NA
1,105,D,1,E1,F,236
2,105,D,1,E1,F,236
3,105,D,1,E1,F,236
4,105,D,1,E1,M,236
5,105,D,1,E1,M,236
6,105,D,1,E1,M,236
7,105,D,1,E1,F,236
8,105,D,1,E1,F,236
9,105,D,1,E1,F,236
10,105,D,1,E1,F,236
11,105,D,1,E1,F,236
12,105,D,1,E1,M,252
13,105,D,1,E1,M,252
14,105,D,1,E1,M,252
15,105,D,1,E1,M,252
16,105,D,1,E1,M,252
17,105,D,1,E1,F,252
18,105,D,1,E1,F,252
19,105,D,1,E1,F,252
20,105,D,1,E1,M,252
21,105,D,1,E1,M,252
22,105,D,1,E1,M,252
23,105,D,1,E1,F,244
24,105,D,1,E1,F,260
25,105,D,1,E1,M,268
26,105,D,1,E1,M,268
27,105,D,1,E1,M,268
28,105,D,1,E1,NA,NA
29,105,D,1,E1,NA,NA
30,105,D,1,E1,NA,NA
1,105,D,2,E1,M,236
2,105,D,2,E1,F,236
3,105,D,2,E1,F,236
4,105,D,2,E1,F,236
5,105,D,2,E1,F,236
6,105,D,2,E1,F,236
7,105,D,2,E1,F,236
8,105,D,2,E1,F,236
9,105,D,2,E1,F,236
10,105,D,2,E1,F,236
11,105,D,2,E1,F,244
12,105,D,2,E1,F,244
13,105,D,2,E1,F,244
14,105,D,2,E1,F,244
15,105,D,2,E1,F,244
16,105,D,2,E1,F,244
17,105,D,2,E1,F,244
18,105,D,2,E1,M,260
19,105,D,2,E1,M,260
20,105,D,2,E1,M,260
21,105,D,2,E1,M,260
22,105,D,2,E1,F,260
23,105,D,2,E1,M,260
24,105,D,2,E1,M,260
25,105,D,2,E1,M,260
26,105,D,2,E1,M,260
27,105,D,2,E1,M,260
28,105,D,2,E1,M,260
29,105,D,2,E1,M,260
30,105,D,2,E1,M,260
1,106,A,1,E1,F,228
2,106,A,1,E1,F,228
3,106,A,1,E1,M,228
4,106,A,1,E1,M,236
5,106,A,1,E1,M,236
6,106,A,1,E1,M,236
7,106,A,1,E1,M,236
8,106,A,1,E1,M,236
9,106,A,1,E1,M,236
10,106,A,1,E1,M,236
11,106,A,1,E1,M,236
12,106,A,1,E1,M,236
13,106,A,1,E1,M,236
14,106,A,1,E1,F,236
15,106,A,1,E1,F,236
16,106,A,1,E1,F,236
17,106,A,1,E1,M,236
18,106,A,1,E1,NA,NA
19,106,A,1,E1,NA,NA
20,106,A,1,E1,NA,NA
21,106,A,1,E1,NA,NA
22,106,A,1,E1,NA,NA
23,106,A,1,E1,NA,NA
24,106,A,1,E1,NA,NA
25,106,A,1,E1,NA,NA
26,106,A,1,E1,NA,NA
27,106,A,1,E1,NA,NA
28,106,A,1,E1,NA,NA
29,106,A,1,E1,NA,NA
30,106,A,1,E1,NA,NA
1,106,A,2,E1,F,212
2,106,A,2,E1,F,220
3,106,A,2,E1,F,220
4,106,A,2,E1,F,220
5,106,A,2,E1,F,220
6,106,A,2,E1,F,220
7,106,A,2,E1,F,220
8,106,A,2,E1,F,220
9,106,A,2,E1,F,220
10,106,A,2,E1,F,220
11,106,A,2,E1,M,228
12,106,A,2,E1,M,228
13,106,A,2,E1,M,228
14,106,A,2,E1,F,228
15,106,A,2,E1,F,228
16,106,A,2,E1,F,228
17,106,A,2,E1,F,228
18,106,A,2,E1,M,228
19,106,A,2,E1,M,236
20,106,A,2,E1,M,236
21,106,A,2,E1,M,268
22,106,A,2,E1,M,276
23,106,A,2,E1,M,276
24,106,A,2,E1,F,276
25,106,A,2,E1,F,276
26,106,A,2,E1,F,276
27,106,A,2,E1,F,276
28,106,A,2,E1,M,276
29,106,A,2,E1,M,276
30,106,A,2,E1,M,276
1,106,B,2,E1,M,212
2,106,B,1,E1,M,212
3,106,B,1,E1,F,212
4,106,B,1,E1,M,212
5,106,B,1,E1,M,212
6,106,B,1,E1,M,212
7,106,B,1,E1,F,220
8,106,B,1,E1,M,220
9,106,B,1,E1,M,220
10,106,B,1,E1,M,228
11,106,B,1,E1,F,228
12,106,B,1,E1,F,228
13,106,B,1,E1,F,228
14,106,B,1,E1,M,228
15,106,B,1,E1,M,228
16,106,B,1,E1,F,228
17,106,B,1,E1,M,228
18,106,B,1,E1,M,228
19,106,B,1,E1,M,236
20,106,B,1,E1,F,236
21,106,B,1,E1,F,236
22,106,B,1,E1,F,236
23,106,B,1,E1,M,244
24,106,B,1,E1,M,244
25,106,B,1,E1,NA,NA
26,106,B,1,E1,NA,NA
27,106,B,1,E1,NA,NA
28,106,B,1,E1,NA,NA
29,106,B,1,E1,NA,NA
30,106,B,1,E1,NA,NA
1,106,B,1,E1,F,212
2,106,B,2,E1,F,220
3,106,B,2,E1,F,220
4,106,B,2,E1,F,220
5,106,B,2,E1,F,220
6,106,B,2,E1,F,220
7,106,B,2,E1,F,220
8,106,B,2,E1,F,220
9,106,B,2,E1,F,220
10,106,B,2,E1,M,228
11,106,B,2,E1,M,228
12,106,B,2,E1,M,228
13,106,B,2,E1,F,228
14,106,B,2,E1,F,228
15,106,B,2,E1,F,228
16,106,B,2,E1,F,236
17,106,B,2,E1,F,236
18,106,B,2,E1,F,236
19,106,B,2,E1,M,236
20,106,B,2,E1,F,236
21,106,B,2,E1,F,236
22,106,B,2,E1,F,244
23,106,B,2,E1,M,244
24,106,B,2,E1,M,244
25,106,B,2,E1,M,244
26,106,B,2,E1,M,244
27,106,B,2,E1,M,244
28,106,B,2,E1,M,260
29,106,B,2,E1,M,260
30,106,B,2,E1,NA,NA
1,106,C,2,E1,F,188
2,106,C,1,E1,F,188
3,106,C,1,E1,F,188
4,106,C,1,E1,F,188
5,106,C,1,E1,F,188
6,106,C,1,E1,F,188
7,106,C,1,E1,F,188
8,106,C,1,E1,F,196
9,106,C,1,E1,F,196
10,106,C,1,E1,M,196
11,106,C,1,E1,M,196
12,106,C,1,E1,M,196
13,106,C,1,E1,M,196
14,106,C,1,E1,F,196
15,106,C,1,E1,F,196
16,106,C,1,E1,F,204
17,106,C,1,E1,F,204
18,106,C,1,E1,F,204
19,106,C,1,E1,F,204
20,106,C,1,E1,F,204
21,106,C,1,E1,F,204
22,106,C,1,E1,F,204
23,106,C,1,E1,M,212
24,106,C,1,E1,M,212
25,106,C,1,E1,M,212
26,106,C,1,E1,M,212
27,106,C,1,E1,F,212
28,106,C,1,E1,F,212
29,106,C,1,E1,F,212
30,106,C,1,E1,NA,NA
1,106,C,1,E1,F,196
2,106,C,2,E1,F,196
3,106,C,2,E1,F,196
4,106,C,2,E1,F,196
5,106,C,2,E1,F,196
6,106,C,2,E1,F,196
7,106,C,2,E1,F,196
8,106,C,2,E1,M,196
9,106,C,2,E1,M,204
10,106,C,2,E1,M,204
11,106,C,2,E1,M,204
12,106,C,2,E1,F,204
13,106,C,2,E1,M,212
14,106,C,2,E1,M,212
15,106,C,2,E1,M,212
16,106,C,2,E1,M,212
17,106,C,2,E1,F,212
18,106,C,2,E1,M,212
19,106,C,2,E1,M,212
20,106,C,2,E1,M,212
21,106,C,2,E1,M,212
22,106,C,2,E1,F,212
23,106,C,2,E1,F,212
24,106,C,2,E1,F,228
25,106,C,2,E1,F,228
26,106,C,2,E1,F,228
27,106,C,2,E1,NA,NA
28,106,C,2,E1,NA,NA
29,106,C,2,E1,NA,NA
30,106,C,2,E1,NA,NA
1,106,D,2,E1,F,252
2,106,D,1,E1,F,252
3,106,D,1,E1,F,252
4,106,D,1,E1,F,252
5,106,D,1,E1,F,252
6,106,D,1,E1,F,252
7,106,D,1,E1,F,252
8,106,D,1,E1,M,252
9,106,D,1,E1,M,260
10,106,D,1,E1,M,260
11,106,D,1,E1,M,260
12,106,D,1,E1,M,260
13,106,D,1,E1,M,260
14,106,D,1,E1,M,260
15,106,D,1,E1,M,260
16,106,D,1,E1,M,260
17,106,D,1,E1,M,260
18,106,D,1,E1,M,260
19,106,D,1,E1,F,260
20,106,D,1,E1,F,260
21,106,D,1,E1,F,260
22,106,D,1,E1,F,260
23,106,D,1,E1,F,260
24,106,D,1,E1,F,268
25,106,D,1,E1,F,268
26,106,D,1,E1,F,268
27,106,D,1,E1,F,268
28,106,D,1,E1,M,276
29,106,D,1,E1,M,276
30,106,D,1,E1,M,276
1,106,D,1,E1,M,252
2,106,D,2,E1,M,252
3,106,D,2,E1,F,252
4,106,D,2,E1,F,252
5,106,D,2,E1,F,252
6,106,D,2,E1,F,252
7,106,D,2,E1,F,252
8,106,D,2,E1,F,252
9,106,D,2,E1,F,252
10,106,D,2,E1,M,260
11,106,D,2,E1,M,260
12,106,D,2,E1,M,260
13,106,D,2,E1,M,260
14,106,D,2,E1,M,260
15,106,D,2,E1,F,260
16,106,D,2,E1,F,260
17,106,D,2,E1,F,260
18,106,D,2,E1,F,260
19,106,D,2,E1,F,260
20,106,D,2,E1,F,260
21,106,D,2,E1,F,260
22,106,D,2,E1,F,260
23,106,D,2,E1,F,260
24,106,D,2,E1,F,260
25,106,D,2,E1,F,260
26,106,D,2,E1,M,268
27,106,D,2,E1,M,268
28,106,D,2,E1,M,268
29,106,D,2,E1,M,268
30,106,D,2,E1,M,268
1,100,A,1,E2,F,204
2,100,A,1,E2,F,212
3,100,A,1,E2,F,212
4,100,A,1,E2,F,212
5,100,A,1,E2,F,212
6,100,A,1,E2,F,220
7,100,A,1,E2,F,220
8,100,A,1,E2,F,220
9,100,A,1,E2,M,220
10,100,A,1,E2,M,220
11,100,A,1,E2,M,220
12,100,A,1,E2,M,220
13,100,A,1,E2,M,220
14,100,A,1,E2,M,220
15,100,A,1,E2,F,228
16,100,A,1,E2,F,228
17,100,A,1,E2,F,228
18,100,A,1,E2,F,228
19,100,A,1,E2,F,228
20,100,A,1,E2,F,228
21,100,A,1,E2,F,236
22,100,A,1,E2,F,236
23,100,A,1,E2,F,236
24,100,A,1,E2,F,236
25,100,A,1,E2,F,236
26,100,A,1,E2,M,236
27,100,A,1,E2,M,244
28,100,A,1,E2,M,244
29,100,A,1,E2,NA,NA
30,100,A,1,E2,NA,NA
1,100,A,2,E2,M,212
2,100,A,2,E2,M,212
3,100,A,2,E2,M,212
4,100,A,2,E2,F,212
5,100,A,2,E2,F,212
6,100,A,2,E2,M,212
7,100,A,2,E2,M,212
8,100,A,2,E2,F,212
9,100,A,2,E2,F,212
10,100,A,2,E2,F,212
11,100,A,2,E2,F,212
12,100,A,2,E2,F,212
13,100,A,2,E2,F,212
14,100,A,2,E2,F,220
15,100,A,2,E2,M,220
16,100,A,2,E2,M,220
17,100,A,2,E2,F,220
18,100,A,2,E2,F,220
19,100,A,2,E2,M,220
20,100,A,2,E2,M,220
21,100,A,2,E2,F,228
22,100,A,2,E2,F,228
23,100,A,2,E2,F,228
24,100,A,2,E2,F,228
25,100,A,2,E2,F,228
26,100,A,2,E2,F,228
27,100,A,2,E2,F,228
28,100,A,2,E2,NA,NA
29,100,A,2,E2,NA,NA
30,100,A,2,E2,NA,NA
1,100,B,1,E2,M,204
2,100,B,1,E2,M,204
3,100,B,1,E2,M,204
4,100,B,1,E2,M,212
5,100,B,1,E2,M,212
6,100,B,1,E2,M,212
7,100,B,1,E2,M,212
8,100,B,1,E2,M,212
9,100,B,1,E2,F,212
10,100,B,1,E2,F,212
11,100,B,1,E2,F,212
12,100,B,1,E2,F,212
13,100,B,1,E2,F,220
14,100,B,1,E2,F,220
15,100,B,1,E2,F,220
16,100,B,1,E2,F,220
17,100,B,1,E2,F,220
18,100,B,1,E2,F,228
19,100,B,1,E2,F,228
20,100,B,1,E2,F,228
21,100,B,1,E2,F,228
22,100,B,1,E2,F,228
23,100,B,1,E2,F,228
24,100,B,1,E2,F,236
25,100,B,1,E2,F,236
26,100,B,1,E2,F,236
27,100,B,1,E2,F,236
28,100,B,1,E2,F,236
29,100,B,1,E2,NA,NA
30,100,B,1,E2,NA,NA
1,100,B,2,E2,F,204
2,100,B,2,E2,F,212
3,100,B,2,E2,F,212
4,100,B,2,E2,M,212
5,100,B,2,E2,M,212
6,100,B,2,E2,M,212
7,100,B,2,E2,M,212
8,100,B,2,E2,M,212
9,100,B,2,E2,M,212
10,100,B,2,E2,M,212
11,100,B,2,E2,M,220
12,100,B,2,E2,F,220
13,100,B,2,E2,F,220
14,100,B,2,E2,F,220
15,100,B,2,E2,F,220
16,100,B,2,E2,F,220
17,100,B,2,E2,F,220
18,100,B,2,E2,F,220
19,100,B,2,E2,F,220
20,100,B,2,E2,F,220
21,100,B,2,E2,F,228
22,100,B,2,E2,F,228
23,100,B,2,E2,F,228
24,100,B,2,E2,F,228
25,100,B,2,E2,F,228
26,100,B,2,E2,M,228
27,100,B,2,E2,M,228
28,100,B,2,E2,NA,NA
29,100,B,2,E2,NA,NA
30,100,B,2,E2,NA,NA
1,100,C,1,E2,M,188
2,100,C,1,E2,M,188
3,100,C,1,E2,M,188
4,100,C,1,E2,F,196
5,100,C,1,E2,F,196
6,100,C,1,E2,M,196
7,100,C,1,E2,M,196
8,100,C,1,E2,M,196
9,100,C,1,E2,M,196
10,100,C,1,E2,M,196
11,100,C,1,E2,M,196
12,100,C,1,E2,M,196
13,100,C,1,E2,F,204
14,100,C,1,E2,F,204
15,100,C,1,E2,F,204
16,100,C,1,E2,F,204
17,100,C,1,E2,F,204
18,100,C,1,E2,F,204
19,100,C,1,E2,F,204
20,100,C,1,E2,NA,NA
21,100,C,1,E2,NA,NA
22,100,C,1,E2,NA,NA
23,100,C,1,E2,NA,NA
24,100,C,1,E2,NA,NA
25,100,C,1,E2,NA,NA
26,100,C,1,E2,NA,NA
27,100,C,1,E2,NA,NA
28,100,C,1,E2,NA,NA
29,100,C,1,E2,NA,NA
30,100,C,1,E2,NA,NA
1,100,C,2,E2,F,188
2,100,C,2,E2,F,188
3,100,C,2,E2,F,196
4,100,C,2,E2,F,196
5,100,C,2,E2,F,196
6,100,C,2,E2,F,196
7,100,C,2,E2,F,196
8,100,C,2,E2,M,196
9,100,C,2,E2,F,196
10,100,C,2,E2,F,196
11,100,C,2,E2,M,204
12,100,C,2,E2,M,204
13,100,C,2,E2,M,204
14,100,C,2,E2,M,204
15,100,C,2,E2,M,204
16,100,C,2,E2,M,204
17,100,C,2,E2,M,204
18,100,C,2,E2,F,204
19,100,C,2,E2,F,204
20,100,C,2,E2,F,204
21,100,C,2,E2,F,204
22,100,C,2,E2,F,212
23,100,C,2,E2,F,212
24,100,C,2,E2,F,212
25,100,C,2,E2,F,212
26,100,C,2,E2,F,212
27,100,C,2,E2,NA,NA
28,100,C,2,E2,NA,NA
29,100,C,2,E2,NA,NA
30,100,C,2,E2,NA,NA
1,100,D,1,E2,F,236
2,100,D,1,E2,F,236
3,100,D,1,E2,F,236
4,100,D,1,E2,F,236
5,100,D,1,E2,M,244
6,100,D,1,E2,M,244
7,100,D,1,E2,F,244
8,100,D,1,E2,F,244
9,100,D,1,E2,M,244
10,100,D,1,E2,M,244
11,100,D,1,E2,M,244
12,100,D,1,E2,M,244
13,100,D,1,E2,M,244
14,100,D,1,E2,F,252
15,100,D,1,E2,F,252
16,100,D,1,E2,F,252
17,100,D,1,E2,F,252
18,100,D,1,E2,F,252
19,100,D,1,E2,M,260
20,100,D,1,E2,M,260
21,100,D,1,E2,M,260
22,100,D,1,E2,M,260
23,100,D,1,E2,F,260
24,100,D,1,E2,M,268
25,100,D,1,E2,M,268
26,100,D,1,E2,NA,NA
27,100,D,1,E2,NA,NA
28,100,D,1,E2,NA,NA
29,100,D,1,E2,NA,NA
30,100,D,1,E2,NA,NA
1,100,D,2,E2,F,244
2,100,D,2,E2,F,244
3,100,D,2,E2,F,244
4,100,D,2,E2,F,244
5,100,D,2,E2,M,244
6,100,D,2,E2,M,244
7,100,D,2,E2,F,244
8,100,D,2,E2,F,244
9,100,D,2,E2,F,244
10,100,D,2,E2,F,244
11,100,D,2,E2,M,252
12,100,D,2,E2,M,252
13,100,D,2,E2,M,252
14,100,D,2,E2,M,252
15,100,D,2,E2,M,252
16,100,D,2,E2,F,252
17,100,D,2,E2,F,252
18,100,D,2,E2,F,252
19,100,D,2,E2,M,260
20,100,D,2,E2,M,260
21,100,D,2,E2,M,260
22,100,D,2,E2,M,260
23,100,D,2,E2,F,260
24,100,D,2,E2,M,260
25,100,D,2,E2,M,260
26,100,D,2,E2,F,268
27,100,D,2,E2,F,268
28,100,D,2,E2,F,268
29,100,D,2,E2,M,276
30,100,D,2,E2,M,276
1,101,A,1,E2,M,220
2,101,A,1,E2,F,220
3,101,A,1,E2,F,220
4,101,A,1,E2,M,220
5,101,A,1,E2,M,220
6,101,A,1,E2,M,220
7,101,A,1,E2,M,220
8,101,A,1,E2,M,228
9,101,A,1,E2,F,228
10,101,A,1,E2,F,228
11,101,A,1,E2,F,228
12,101,A,1,E2,F,236
13,101,A,1,E2,F,236
14,101,A,1,E2,M,236
15,101,A,1,E2,M,236
16,101,A,1,E2,M,236
17,101,A,1,E2,M,236
18,101,A,1,E2,F,236
19,101,A,1,E2,F,244
20,101,A,1,E2,F,244
21,101,A,1,E2,M,260
22,101,A,1,E2,M,260
23,101,A,1,E2,M,260
24,101,A,1,E2,M,268
25,101,A,1,E2,M,268
26,101,A,1,E2,NA,NA
27,101,A,1,E2,NA,NA
28,101,A,1,E2,NA,NA
29,101,A,1,E2,NA,NA
30,101,A,1,E2,NA,NA
1,101,A,2,E2,F,220
2,101,A,2,E2,F,220
3,101,A,2,E2,F,220
4,101,A,2,E2,F,220
5,101,A,2,E2,F,220
6,101,A,2,E2,F,220
7,101,A,2,E2,F,228
8,101,A,2,E2,F,228
9,101,A,2,E2,F,228
10,101,A,2,E2,F,228
11,101,A,2,E2,F,228
12,101,A,2,E2,M,236
13,101,A,2,E2,M,236
14,101,A,2,E2,M,244
15,101,A,2,E2,M,244
16,101,A,2,E2,F,244
17,101,A,2,E2,F,244
18,101,A,2,E2,F,244
19,101,A,2,E2,F,244
20,101,A,2,E2,M,244
21,101,A,2,E2,M,244
22,101,A,2,E2,F,252
23,101,A,2,E2,F,252
24,101,A,2,E2,M,268
25,101,A,2,E2,M,268
26,101,A,2,E2,M,268
27,101,A,2,E2,M,276
28,101,A,2,E2,M,276
29,101,A,2,E2,NA,NA
30,101,A,2,E2,NA,NA
1,101,B,1,E2,F,220
2,101,B,1,E2,F,220
3,101,B,1,E2,F,220
4,101,B,1,E2,M,220
5,101,B,1,E2,M,228
6,101,B,1,E2,M,228
7,101,B,1,E2,M,228
8,101,B,1,E2,F,228
9,101,B,1,E2,F,228
10,101,B,1,E2,F,228
11,101,B,1,E2,F,228
12,101,B,1,E2,F,228
13,101,B,1,E2,M,228
14,101,B,1,E2,M,236
15,101,B,1,E2,M,236
16,101,B,1,E2,M,236
17,101,B,1,E2,F,236
18,101,B,1,E2,F,236
19,101,B,1,E2,F,236
20,101,B,1,E2,F,244
21,101,B,1,E2,M,244
22,101,B,1,E2,M,244
23,101,B,1,E2,F,260
24,101,B,1,E2,F,260
25,101,B,1,E2,M,260
26,101,B,1,E2,M,260
27,101,B,1,E2,M,260
28,101,B,1,E2,M,260
29,101,B,1,E2,M,260
30,101,B,1,E2,NA,NA
1,101,B,2,E2,F,220
2,101,B,2,E2,F,220
3,101,B,2,E2,F,228
4,101,B,2,E2,F,228
5,101,B,2,E2,F,228
6,101,B,2,E2,F,228
7,101,B,2,E2,F,228
8,101,B,2,E2,F,228
9,101,B,2,E2,F,228
10,101,B,2,E2,F,228
11,101,B,2,E2,F,228
12,101,B,2,E2,F,228
13,101,B,2,E2,F,236
14,101,B,2,E2,M,236
15,101,B,2,E2,M,236
16,101,B,2,E2,M,236
17,101,B,2,E2,M,236
18,101,B,2,E2,F,236
19,101,B,2,E2,F,236
20,101,B,2,E2,F,236
21,101,B,2,E2,F,236
22,101,B,2,E2,M,236
23,101,B,2,E2,M,244
24,101,B,2,E2,F,244
25,101,B,2,E2,F,252
26,101,B,2,E2,M,252
27,101,B,2,E2,M,252
28,101,B,2,E2,M,252
29,101,B,2,E2,M,252
30,101,B,2,E2,M,252
1,101,C,1,E2,F,196
2,101,C,1,E2,F,196
3,101,C,1,E2,F,196
4,101,C,1,E2,F,196
5,101,C,1,E2,F,196
6,101,C,1,E2,M,204
7,101,C,1,E2,M,204
8,101,C,1,E2,M,204
9,101,C,1,E2,M,204
10,101,C,1,E2,F,204
11,101,C,1,E2,F,204
12,101,C,1,E2,F,204
13,101,C,1,E2,F,204
14,101,C,1,E2,F,204
15,101,C,1,E2,F,204
16,101,C,1,E2,F,204
17,101,C,1,E2,F,212
18,101,C,1,E2,F,212
19,101,C,1,E2,F,212
20,101,C,1,E2,F,212
21,101,C,1,E2,F,212
22,101,C,1,E2,F,212
23,101,C,1,E2,F,212
24,101,C,1,E2,M,220
25,101,C,1,E2,M,220
26,101,C,1,E2,M,220
27,101,C,1,E2,F,228
28,101,C,1,E2,NA,NA
29,101,C,1,E2,NA,NA
30,101,C,1,E2,NA,NA
1,101,C,2,E2,F,188
2,101,C,2,E2,F,196
3,101,C,2,E2,F,196
4,101,C,2,E2,F,196
5,101,C,2,E2,F,196
6,101,C,2,E2,F,196
7,101,C,2,E2,F,196
8,101,C,2,E2,F,196
9,101,C,2,E2,F,196
10,101,C,2,E2,F,196
11,101,C,2,E2,F,196
12,101,C,2,E2,M,204
13,101,C,2,E2,F,204
14,101,C,2,E2,F,204
15,101,C,2,E2,F,204
16,101,C,2,E2,F,204
17,101,C,2,E2,F,204
18,101,C,2,E2,F,204
19,101,C,2,E2,F,204
20,101,C,2,E2,M,212
21,101,C,2,E2,M,212
22,101,C,2,E2,M,212
23,101,C,2,E2,M,212
24,101,C,2,E2,M,212
25,101,C,2,E2,M,212
26,101,C,2,E2,F,212
27,101,C,2,E2,F,212
28,101,C,2,E2,F,212
29,101,C,2,E2,F,212
30,101,C,2,E2,F,212
1,101,D,1,E2,F,244
2,101,D,1,E2,F,244
3,101,D,1,E2,F,244
4,101,D,1,E2,F,244
5,101,D,1,E2,F,244
6,101,D,1,E2,F,244
7,101,D,1,E2,M,244
8,101,D,1,E2,M,244
9,101,D,1,E2,M,252
10,101,D,1,E2,F,252
11,101,D,1,E2,M,252
12,101,D,1,E2,M,252
13,101,D,1,E2,M,252
14,101,D,1,E2,F,252
15,101,D,1,E2,M,252
16,101,D,1,E2,M,252
17,101,D,1,E2,F,260
18,101,D,1,E2,F,260
19,101,D,1,E2,F,260
20,101,D,1,E2,F,260
21,101,D,1,E2,F,260
22,101,D,1,E2,F,272
23,101,D,1,E2,F,272
24,101,D,1,E2,M,272
25,101,D,1,E2,M,272
26,101,D,1,E2,M,272
27,101,D,1,E2,M,272
28,101,D,1,E2,M,272
29,101,D,1,E2,NA,NA
30,101,D,1,E2,NA,NA
1,101,D,2,E2,F,244
2,101,D,2,E2,F,244
3,101,D,2,E2,F,244
4,101,D,2,E2,F,244
5,101,D,2,E2,F,244
6,101,D,2,E2,F,244
7,101,D,2,E2,F,244
8,101,D,2,E2,F,244
9,101,D,2,E2,F,244
10,101,D,2,E2,F,244
11,101,D,2,E2,F,244
12,101,D,2,E2,F,244
13,101,D,2,E2,F,252
14,101,D,2,E2,F,252
15,101,D,2,E2,F,252
16,101,D,2,E2,M,252
17,101,D,2,E2,M,252
18,101,D,2,E2,M,252
19,101,D,2,E2,M,252
20,101,D,2,E2,M,252
21,101,D,2,E2,F,260
22,101,D,2,E2,M,260
23,101,D,2,E2,M,260
24,101,D,2,E2,M,260
25,101,D,2,E2,M,260
26,101,D,2,E2,M,260
27,101,D,2,E2,M,260
28,101,D,2,E2,M,260
29,101,D,2,E2,M,276
30,101,D,2,E2,M,276
1,102,A,1,E2,F,204
2,102,A,1,E2,F,204
3,102,A,1,E2,F,204
4,102,A,1,E2,F,212
5,102,A,1,E2,F,220
6,102,A,1,E2,F,220
7,102,A,1,E2,F,220
8,102,A,1,E2,F,220
9,102,A,1,E2,F,220
10,102,A,1,E2,M,220
11,102,A,1,E2,M,220
12,102,A,1,E2,M,220
13,102,A,1,E2,M,228
14,102,A,1,E2,M,228
15,102,A,1,E2,M,228
16,102,A,1,E2,M,228
17,102,A,1,E2,F,228
18,102,A,1,E2,F,228
19,102,A,1,E2,F,228
20,102,A,1,E2,F,228
21,102,A,1,E2,F,228
22,102,A,1,E2,F,228
23,102,A,1,E2,F,228
24,102,A,1,E2,NA,NA
25,102,A,1,E2,NA,NA
26,102,A,1,E2,NA,NA
27,102,A,1,E2,NA,NA
28,102,A,1,E2,NA,NA
29,102,A,1,E2,NA,NA
30,102,A,1,E2,NA,NA
1,102,A,2,E2,F,204
2,102,A,2,E2,F,212
3,102,A,2,E2,F,220
4,102,A,2,E2,F,220
5,102,A,2,E2,F,220
6,102,A,2,E2,F,228
7,102,A,2,E2,F,228
8,102,A,2,E2,F,228
9,102,A,2,E2,M,228
10,102,A,2,E2,M,228
11,102,A,2,E2,M,228
12,102,A,2,E2,F,228
13,102,A,2,E2,F,228
14,102,A,2,E2,F,228
15,102,A,2,E2,F,228
16,102,A,2,E2,F,228
17,102,A,2,E2,F,236
18,102,A,2,E2,F,236
19,102,A,2,E2,F,244
20,102,A,2,E2,F,244
21,102,A,2,E2,F,244
22,102,A,2,E2,F,244
23,102,A,2,E2,F,244
24,102,A,2,E2,F,244
25,102,A,2,E2,F,244
26,102,A,2,E2,M,244
27,102,A,2,E2,M,244
28,102,A,2,E2,M,252
29,102,A,2,E2,NA,NA
30,102,A,2,E2,NA,NA
1,102,B,1,E2,F,196
2,102,B,1,E2,F,204
3,102,B,1,E2,F,204
4,102,B,1,E2,F,212
5,102,B,1,E2,F,220
6,102,B,1,E2,M,220
7,102,B,1,E2,F,220
8,102,B,1,E2,M,220
9,102,B,1,E2,M,220
10,102,B,1,E2,M,220
11,102,B,1,E2,M,220
12,102,B,1,E2,F,228
13,102,B,1,E2,F,228
14,102,B,1,E2,F,228
15,102,B,1,E2,F,228
16,102,B,1,E2,F,228
17,102,B,1,E2,F,228
18,102,B,1,E2,F,228
19,102,B,1,E2,F,228
20,102,B,1,E2,F,228
21,102,B,1,E2,F,228
22,102,B,1,E2,F,228
23,102,B,1,E2,F,228
24,102,B,1,E2,F,228
25,102,B,1,E2,F,236
26,102,B,1,E2,F,236
27,102,B,1,E2,F,236
28,102,B,1,E2,F,244
29,102,B,1,E2,NA,NA
30,102,B,1,E2,NA,NA
1,102,B,2,E2,F,204
2,102,B,2,E2,F,212
3,102,B,2,E2,F,220
4,102,B,2,E2,F,220
5,102,B,2,E2,F,220
6,102,B,2,E2,F,220
7,102,B,2,E2,F,220
8,102,B,2,E2,F,220
9,102,B,2,E2,F,228
10,102,B,2,E2,F,228
11,102,B,2,E2,F,228
12,102,B,2,E2,F,228
13,102,B,2,E2,F,228
14,102,B,2,E2,F,228
15,102,B,2,E2,M,228
16,102,B,2,E2,M,228
17,102,B,2,E2,M,236
18,102,B,2,E2,M,236
19,102,B,2,E2,M,244
20,102,B,2,E2,F,252
21,102,B,2,E2,M,260
22,102,B,2,E2,M,260
23,102,B,2,E2,M,260
24,102,B,2,E2,M,260
25,102,B,2,E2,M,260
26,102,B,2,E2,F,260
27,102,B,2,E2,F,260
28,102,B,2,E2,F,268
29,102,B,2,E2,M,268
30,102,B,2,E2,M,268
1,102,C,1,E2,F,196
2,102,C,1,E2,F,196
3,102,C,1,E2,F,196
4,102,C,1,E2,M,204
5,102,C,1,E2,F,204
6,102,C,1,E2,F,204
7,102,C,1,E2,F,204
8,102,C,1,E2,F,204
9,102,C,1,E2,M,212
10,102,C,1,E2,M,212
11,102,C,1,E2,M,212
12,102,C,1,E2,M,212
13,102,C,1,E2,F,212
14,102,C,1,E2,F,212
15,102,C,1,E2,F,212
16,102,C,1,E2,F,212
17,102,C,1,E2,M,220
18,102,C,1,E2,M,220
19,102,C,1,E2,F,220
20,102,C,1,E2,F,220
21,102,C,1,E2,M,228
22,102,C,1,E2,M,228
23,102,C,1,E2,M,228
24,102,C,1,E2,M,228
25,102,C,1,E2,M,228
26,102,C,1,E2,M,228
27,102,C,1,E2,M,228
28,102,C,1,E2,M,236
29,102,C,1,E2,M,236
30,102,C,1,E2,M,236
1,102,C,2,E2,F,204
2,102,C,2,E2,F,204
3,102,C,2,E2,F,204
4,102,C,2,E2,F,204
5,102,C,2,E2,F,204
6,102,C,2,E2,F,204
7,102,C,2,E2,F,204
8,102,C,2,E2,F,212
9,102,C,2,E2,F,212
10,102,C,2,E2,F,212
11,102,C,2,E2,F,212
12,102,C,2,E2,F,212
13,102,C,2,E2,M,212
14,102,C,2,E2,F,212
15,102,C,2,E2,F,212
16,102,C,2,E2,F,212
17,102,C,2,E2,F,212
18,102,C,2,E2,M,212
19,102,C,2,E2,M,212
20,102,C,2,E2,M,212
21,102,C,2,E2,M,212
22,102,C,2,E2,F,220
23,102,C,2,E2,F,220
24,102,C,2,E2,F,220
25,102,C,2,E2,F,220
26,102,C,2,E2,M,228
27,102,C,2,E2,M,228
28,102,C,2,E2,NA,NA
29,102,C,2,E2,NA,NA
30,102,C,2,E2,NA,NA
1,102,D,1,E2,F,244
2,102,D,1,E2,F,244
3,102,D,1,E2,F,244
4,102,D,1,E2,M,244
5,102,D,1,E2,M,244
6,102,D,1,E2,M,244
7,102,D,1,E2,M,244
8,102,D,1,E2,F,252
9,102,D,1,E2,F,252
10,102,D,1,E2,F,252
11,102,D,1,E2,F,252
12,102,D,1,E2,F,252
13,102,D,1,E2,F,252
14,102,D,1,E2,F,252
15,102,D,1,E2,M,260
16,102,D,1,E2,M,260
17,102,D,1,E2,M,260
18,102,D,1,E2,M,260
19,102,D,1,E2,M,260
20,102,D,1,E2,M,260
21,102,D,1,E2,F,260
22,102,D,1,E2,F,260
23,102,D,1,E2,F,260
24,102,D,1,E2,M,268
25,102,D,1,E2,F,268
26,102,D,1,E2,F,268
27,102,D,1,E2,F,268
28,102,D,1,E2,F,268
29,102,D,1,E2,M,276
30,102,D,1,E2,M,276
1,102,D,2,E2,M,244
2,102,D,2,E2,M,244
3,102,D,2,E2,F,244
4,102,D,2,E2,F,244
5,102,D,2,E2,F,244
6,102,D,2,E2,F,244
7,102,D,2,E2,M,252
8,102,D,2,E2,M,252
9,102,D,2,E2,F,252
10,102,D,2,E2,F,252
11,102,D,2,E2,M,268
12,102,D,2,E2,M,268
13,102,D,2,E2,M,268
14,102,D,2,E2,M,268
15,102,D,2,E2,NA,NA
16,102,D,2,E2,NA,NA
17,102,D,2,E2,NA,NA
18,102,D,2,E2,NA,NA
19,102,D,2,E2,NA,NA
20,102,D,2,E2,NA,NA
21,102,D,2,E2,NA,NA
22,102,D,2,E2,NA,NA
23,102,D,2,E2,NA,NA
24,102,D,2,E2,NA,NA
25,102,D,2,E2,NA,NA
26,102,D,2,E2,NA,NA
27,102,D,2,E2,NA,NA
28,102,D,2,E2,NA,NA
29,102,D,2,E2,NA,NA
30,102,D,2,E2,NA,NA
1,103,A,1,E2,F,220
2,103,A,1,E2,F,220
3,103,A,1,E2,F,220
4,103,A,1,E2,F,220
5,103,A,1,E2,M,228
6,103,A,1,E2,M,228
7,103,A,1,E2,F,228
8,103,A,1,E2,F,228
9,103,A,1,E2,M,228
10,103,A,1,E2,M,228
11,103,A,1,E2,M,228
12,103,A,1,E2,M,228
13,103,A,1,E2,M,228
14,103,A,1,E2,F,236
15,103,A,1,E2,F,236
16,103,A,1,E2,F,236
17,103,A,1,E2,F,236
18,103,A,1,E2,F,236
19,103,A,1,E2,M,236
20,103,A,1,E2,M,244
21,103,A,1,E2,M,244
22,103,A,1,E2,M,252
23,103,A,1,E2,F,252
24,103,A,1,E2,M,252
25,103,A,1,E2,M,252
26,103,A,1,E2,M,252
27,103,A,1,E2,M,252
28,103,A,1,E2,M,252
29,103,A,1,E2,M,252
30,103,A,1,E2,M,252
1,103,A,2,E2,M,212
2,103,A,2,E2,M,220
3,103,A,2,E2,M,220
4,103,A,2,E2,M,220
5,103,A,2,E2,F,220
6,103,A,2,E2,F,220
7,103,A,2,E2,F,220
8,103,A,2,E2,F,220
9,103,A,2,E2,F,220
10,103,A,2,E2,F,220
11,103,A,2,E2,M,228
12,103,A,2,E2,M,228
13,103,A,2,E2,M,228
14,103,A,2,E2,M,228
15,103,A,2,E2,M,228
16,103,A,2,E2,F,228
17,103,A,2,E2,F,228
18,103,A,2,E2,F,228
19,103,A,2,E2,F,228
20,103,A,2,E2,F,228
21,103,A,2,E2,F,236
22,103,A,2,E2,F,236
23,103,A,2,E2,F,236
24,103,A,2,E2,F,236
25,103,A,2,E2,F,236
26,103,A,2,E2,F,236
27,103,A,2,E2,F,236
28,103,A,2,E2,NA,NA
29,103,A,2,E2,NA,NA
30,103,A,2,E2,NA,NA
1,103,B,1,E2,F,204
2,103,B,1,E2,F,220
3,103,B,1,E2,F,220
4,103,B,1,E2,F,220
5,103,B,1,E2,F,220
6,103,B,1,E2,F,220
7,103,B,1,E2,F,220
8,103,B,1,E2,M,228
9,103,B,1,E2,M,228
10,103,B,1,E2,M,228
11,103,B,1,E2,M,228
12,103,B,1,E2,M,228
13,103,B,1,E2,M,228
14,103,B,1,E2,F,228
15,103,B,1,E2,F,228
16,103,B,1,E2,M,228
17,103,B,1,E2,F,228
18,103,B,1,E2,F,228
19,103,B,1,E2,F,228
20,103,B,1,E2,F,228
21,103,B,1,E2,F,228
22,103,B,1,E2,F,228
23,103,B,1,E2,F,228
24,103,B,1,E2,F,228
25,103,B,1,E2,M,228
26,103,B,1,E2,F,236
27,103,B,1,E2,F,236
28,103,B,1,E2,F,236
29,103,B,1,E2,F,236
30,103,B,1,E2,NA,NA
1,103,B,2,E2,F,212
2,103,B,2,E2,F,212
3,103,B,2,E2,F,212
4,103,B,2,E2,M,220
5,103,B,2,E2,M,220
6,103,B,2,E2,M,220
7,103,B,2,E2,M,220
8,103,B,2,E2,M,220
9,103,B,2,E2,F,220
10,103,B,2,E2,F,228
11,103,B,2,E2,F,228
12,103,B,2,E2,F,228
13,103,B,2,E2,F,228
14,103,B,2,E2,M,228
15,103,B,2,E2,M,228
16,103,B,2,E2,M,228
17,103,B,2,E2,M,228
18,103,B,2,E2,F,228
19,103,B,2,E2,F,228
20,103,B,2,E2,F,228
21,103,B,2,E2,F,236
22,103,B,2,E2,F,236
23,103,B,2,E2,F,236
24,103,B,2,E2,F,244
25,103,B,2,E2,F,268
26,103,B,2,E2,NA,NA
27,103,B,2,E2,NA,NA
28,103,B,2,E2,NA,NA
29,103,B,2,E2,NA,NA
30,103,B,2,E2,NA,NA
1,103,C,1,E2,F,180
2,103,C,1,E2,F,180
3,103,C,1,E2,F,180
4,103,C,1,E2,F,180
5,103,C,1,E2,F,180
6,103,C,1,E2,M,188
7,103,C,1,E2,M,188
8,103,C,1,E2,M,188
9,103,C,1,E2,F,196
10,103,C,1,E2,F,196
11,103,C,1,E2,M,204
12,103,C,1,E2,M,204
13,103,C,1,E2,M,204
14,103,C,1,E2,M,204
15,103,C,1,E2,M,204
16,103,C,1,E2,M,204
17,103,C,1,E2,M,204
18,103,C,1,E2,F,204
19,103,C,1,E2,F,204
20,103,C,1,E2,F,204
21,103,C,1,E2,F,204
22,103,C,1,E2,F,204
23,103,C,1,E2,F,204
24,103,C,1,E2,F,204
25,103,C,1,E2,F,204
26,103,C,1,E2,F,204
27,103,C,1,E2,M,212
28,103,C,1,E2,M,212
29,103,C,1,E2,M,212
30,103,C,1,E2,M,212
1,103,C,2,E2,F,188
2,103,C,2,E2,F,188
3,103,C,2,E2,F,188
4,103,C,2,E2,F,188
5,103,C,2,E2,M,196
6,103,C,2,E2,M,196
7,103,C,2,E2,F,196
8,103,C,2,E2,F,196
9,103,C,2,E2,M,196
10,103,C,2,E2,M,196
11,103,C,2,E2,M,196
12,103,C,2,E2,M,196
13,103,C,2,E2,M,204
14,103,C,2,E2,F,204
15,103,C,2,E2,F,204
16,103,C,2,E2,F,204
17,103,C,2,E2,F,204
18,103,C,2,E2,F,204
19,103,C,2,E2,M,212
20,103,C,2,E2,M,212
21,103,C,2,E2,M,212
22,103,C,2,E2,F,212
23,103,C,2,E2,F,212
24,103,C,2,E2,F,212
25,103,C,2,E2,NA,NA
26,103,C,2,E2,NA,NA
27,103,C,2,E2,NA,NA
28,103,C,2,E2,NA,NA
29,103,C,2,E2,NA,NA
30,103,C,2,E2,NA,NA
1,103,D,1,E2,F,244
2,103,D,1,E2,F,244
3,103,D,1,E2,F,244
4,103,D,1,E2,F,244
5,103,D,1,E2,F,244
6,103,D,1,E2,F,244
7,103,D,1,E2,F,244
8,103,D,1,E2,F,244
9,103,D,1,E2,F,244
10,103,D,1,E2,F,244
11,103,D,1,E2,F,244
12,103,D,1,E2,F,244
13,103,D,1,E2,F,244
14,103,D,1,E2,F,244
15,103,D,1,E2,F,244
16,103,D,1,E2,M,244
17,103,D,1,E2,M,252
18,103,D,1,E2,M,252
19,103,D,1,E2,M,252
20,103,D,1,E2,F,252
21,103,D,1,E2,F,252
22,103,D,1,E2,F,252
23,103,D,1,E2,F,252
24,103,D,1,E2,M,260
25,103,D,1,E2,M,260
26,103,D,1,E2,F,260
27,103,D,1,E2,F,260
28,103,D,1,E2,NA,NA
29,103,D,1,E2,NA,NA
30,103,D,1,E2,NA,NA
1,103,D,2,E2,F,236
2,103,D,2,E2,F,236
3,103,D,2,E2,F,236
4,103,D,2,E2,F,236
5,103,D,2,E2,F,236
6,103,D,2,E2,F,236
7,103,D,2,E2,F,236
8,103,D,2,E2,F,236
9,103,D,2,E2,F,236
10,103,D,2,E2,M,244
11,103,D,2,E2,M,244
12,103,D,2,E2,M,244
13,103,D,2,E2,M,244
14,103,D,2,E2,F,244
15,103,D,2,E2,F,244
16,103,D,2,E2,F,244
17,103,D,2,E2,F,244
18,103,D,2,E2,F,244
19,103,D,2,E2,F,244
20,103,D,2,E2,F,244
21,103,D,2,E2,F,244
22,103,D,2,E2,F,244
23,103,D,2,E2,M,252
24,103,D,2,E2,M,252
25,103,D,2,E2,M,252
26,103,D,2,E2,M,252
27,103,D,2,E2,M,260
28,103,D,2,E2,M,260
29,103,D,2,E2,M,260
30,103,D,2,E2,M,260
1,104,A,1,E2,F,220
2,104,A,1,E2,F,220
3,104,A,1,E2,F,228
4,104,A,1,E2,F,228
5,104,A,1,E2,F,228
6,104,A,1,E2,F,228
7,104,A,1,E2,F,228
8,104,A,1,E2,M,228
9,104,A,1,E2,M,228
10,104,A,1,E2,M,228
11,104,A,1,E2,M,228
12,104,A,1,E2,M,228
13,104,A,1,E2,M,228
14,104,A,1,E2,M,236
15,104,A,1,E2,F,236
16,104,A,1,E2,F,252
17,104,A,1,E2,F,260
18,104,A,1,E2,F,268
19,104,A,1,E2,F,272
20,104,A,1,E2,F,272
21,104,A,1,E2,F,272
22,104,A,1,E2,M,272
23,104,A,1,E2,M,272
24,104,A,1,E2,M,272
25,104,A,1,E2,M,272
26,104,A,1,E2,M,272
27,104,A,1,E2,M,272
28,104,A,1,E2,NA,NA
29,104,A,1,E2,NA,NA
30,104,A,1,E2,NA,NA
1,104,A,2,E2,F,196
2,104,A,2,E2,F,196
3,104,A,2,E2,F,196
4,104,A,2,E2,F,196
5,104,A,2,E2,F,196
6,104,A,2,E2,M,196
7,104,A,2,E2,M,196
8,104,A,2,E2,M,196
9,104,A,2,E2,F,204
10,104,A,2,E2,F,204
11,104,A,2,E2,F,204
12,104,A,2,E2,F,204
13,104,A,2,E2,F,204
14,104,A,2,E2,F,204
15,104,A,2,E2,F,212
16,104,A,2,E2,M,212
17,104,A,2,E2,M,212
18,104,A,2,E2,M,212
19,104,A,2,E2,M,212
20,104,A,2,E2,M,212
21,104,A,2,E2,M,212
22,104,A,2,E2,M,212
23,104,A,2,E2,M,220
24,104,A,2,E2,F,220
25,104,A,2,E2,F,220
26,104,A,2,E2,F,220
27,104,A,2,E2,F,228
28,104,A,2,E2,F,228
29,104,A,2,E2,F,228
30,104,A,2,E2,F,228
1,104,B,1,E2,M,196
2,104,B,1,E2,M,196
3,104,B,1,E2,M,204
4,104,B,1,E2,M,204
5,104,B,1,E2,M,212
6,104,B,1,E2,M,212
7,104,B,1,E2,F,212
8,104,B,1,E2,F,212
9,104,B,1,E2,F,212
10,104,B,1,E2,F,212
11,104,B,1,E2,F,212
12,104,B,1,E2,F,212
13,104,B,1,E2,F,212
14,104,B,1,E2,F,212
15,104,B,1,E2,F,220
16,104,B,1,E2,F,220
17,104,B,1,E2,F,220
18,104,B,1,E2,F,220
19,104,B,1,E2,F,228
20,104,B,1,E2,F,228
21,104,B,1,E2,F,228
22,104,B,1,E2,F,228
23,104,B,1,E2,F,228
24,104,B,1,E2,M,236
25,104,B,1,E2,M,236
26,104,B,1,E2,M,244
27,104,B,1,E2,M,244
28,104,B,1,E2,NA,NA
29,104,B,1,E2,NA,NA
30,104,B,1,E2,NA,NA
1,104,B,2,E2,NA,NA
2,104,B,2,E2,F,220
3,104,B,2,E2,F,220
4,104,B,2,E2,F,220
5,104,B,2,E2,F,220
6,104,B,2,E2,F,220
7,104,B,2,E2,F,220
8,104,B,2,E2,F,220
9,104,B,2,E2,M,228
10,104,B,2,E2,M,228
11,104,B,2,E2,M,228
12,104,B,2,E2,M,228
13,104,B,2,E2,M,228
14,104,B,2,E2,M,228
15,104,B,2,E2,F,236
16,104,B,2,E2,M,236
17,104,B,2,E2,F,244
18,104,B,2,E2,M,244
19,104,B,2,E2,M,244
20,104,B,2,E2,M,244
21,104,B,2,E2,M,244
22,104,B,2,E2,F,244
23,104,B,2,E2,F,244
24,104,B,2,E2,F,244
25,104,B,2,E2,F,244
26,104,B,2,E2,F,244
27,104,B,2,E2,NA,NA
28,104,B,2,E2,NA,NA
29,104,B,2,E2,NA,NA
30,104,B,2,E2,NA,NA
1,104,C,1,E2,M,188
2,104,C,1,E2,M,188
3,104,C,1,E2,M,188
4,104,C,1,E2,M,188
5,104,C,1,E2,F,188
6,104,C,1,E2,F,188
7,104,C,1,E2,F,188
8,104,C,1,E2,M,196
9,104,C,1,E2,M,196
10,104,C,1,E2,M,196
11,104,C,1,E2,F,196
12,104,C,1,E2,F,196
13,104,C,1,E2,F,196
14,104,C,1,E2,F,196
15,104,C,1,E2,F,196
16,104,C,1,E2,F,196
17,104,C,1,E2,M,204
18,104,C,1,E2,M,204
19,104,C,1,E2,M,204
20,104,C,1,E2,M,204
21,104,C,1,E2,M,204
22,104,C,1,E2,M,204
23,104,C,1,E2,M,204
24,104,C,1,E2,M,204
25,104,C,1,E2,NA,NA
26,104,C,1,E2,NA,NA
27,104,C,1,E2,NA,NA
28,104,C,1,E2,NA,NA
29,104,C,1,E2,NA,NA
30,104,C,1,E2,NA,NA
1,104,C,2,E2,F,188
2,104,C,2,E2,F,188
3,104,C,2,E2,F,188
4,104,C,2,E2,F,188
5,104,C,2,E2,F,188
6,104,C,2,E2,F,188
7,104,C,2,E2,M,188
8,104,C,2,E2,M,188
9,104,C,2,E2,M,188
10,104,C,2,E2,M,188
11,104,C,2,E2,M,188
12,104,C,2,E2,M,188
13,104,C,2,E2,F,196
14,104,C,2,E2,F,196
15,104,C,2,E2,F,196
16,104,C,2,E2,F,196
17,104,C,2,E2,F,196
18,104,C,2,E2,F,196
19,104,C,2,E2,F,196
20,104,C,2,E2,M,196
21,104,C,2,E2,M,196
22,104,C,2,E2,M,196
23,104,C,2,E2,M,212
24,104,C,2,E2,M,212
25,104,C,2,E2,M,212
26,104,C,2,E2,NA,NA
27,104,C,2,E2,NA,NA
28,104,C,2,E2,NA,NA
29,104,C,2,E2,NA,NA
30,104,C,2,E2,NA,NA
1,104,D,1,E2,F,244
2,104,D,1,E2,F,244
3,104,D,1,E2,F,244
4,104,D,1,E2,F,244
5,104,D,1,E2,M,244
6,104,D,1,E2,M,244
7,104,D,1,E2,M,244
8,104,D,1,E2,F,252
9,104,D,1,E2,F,252
10,104,D,1,E2,F,252
11,104,D,1,E2,F,252
12,104,D,1,E2,F,252
13,104,D,1,E2,F,252
14,104,D,1,E2,F,252
15,104,D,1,E2,M,260
16,104,D,1,E2,M,260
17,104,D,1,E2,M,260
18,104,D,1,E2,M,260
19,104,D,1,E2,M,260
20,104,D,1,E2,M,260
21,104,D,1,E2,F,260
22,104,D,1,E2,F,260
23,104,D,1,E2,M,268
24,104,D,1,E2,M,268
25,104,D,1,E2,M,268
26,104,D,1,E2,M,268
27,104,D,1,E2,M,268
28,104,D,1,E2,M,276
29,104,D,1,E2,M,276
30,104,D,1,E2,M,276
1,104,D,2,E2,F,244
2,104,D,2,E2,F,244
3,104,D,2,E2,F,244
4,104,D,2,E2,F,244
5,104,D,2,E2,F,244
6,104,D,2,E2,F,244
7,104,D,2,E2,M,252
8,104,D,2,E2,M,252
9,104,D,2,E2,F,252
10,104,D,2,E2,F,252
11,104,D,2,E2,F,252
12,104,D,2,E2,F,252
13,104,D,2,E2,F,252
14,104,D,2,E2,M,260
15,104,D,2,E2,M,260
16,104,D,2,E2,M,260
17,104,D,2,E2,M,260
18,104,D,2,E2,F,260
19,104,D,2,E2,M,276
20,104,D,2,E2,M,276
21,104,D,2,E2,M,276
22,104,D,2,E2,M,276
23,104,D,2,E2,NA,NA
24,104,D,2,E2,NA,NA
25,104,D,2,E2,NA,NA
26,104,D,2,E2,NA,NA
27,104,D,2,E2,NA,NA
28,104,D,2,E2,NA,NA
29,104,D,2,E2,NA,NA
30,104,D,2,E2,NA,NA
1,105,A,1,E2,F,236
2,105,A,1,E2,F,244
3,105,A,1,E2,F,244
4,105,A,1,E2,F,244
5,105,A,1,E2,F,244
6,105,A,1,E2,F,244
7,105,A,1,E2,F,244
8,105,A,1,E2,F,244
9,105,A,1,E2,M,244
10,105,A,1,E2,F,244
11,105,A,1,E2,F,244
12,105,A,1,E2,F,244
13,105,A,1,E2,M,244
14,105,A,1,E2,M,244
15,105,A,1,E2,M,244
16,105,A,1,E2,M,244
17,105,A,1,E2,M,252
18,105,A,1,E2,M,252
19,105,A,1,E2,M,252
20,105,A,1,E2,M,252
21,105,A,1,E2,M,252
22,105,A,1,E2,M,260
23,105,A,1,E2,M,260
24,105,A,1,E2,M,260
25,105,A,1,E2,M,260
26,105,A,1,E2,M,260
27,105,A,1,E2,F,260
28,105,A,1,E2,M,276
29,105,A,1,E2,M,276
30,105,A,1,E2,M,276
1,105,A,2,E2,M,236
2,105,A,2,E2,M,244
3,105,A,2,E2,M,244
4,105,A,2,E2,M,244
5,105,A,2,E2,F,244
6,105,A,2,E2,M,244
7,105,A,2,E2,M,244
8,105,A,2,E2,M,244
9,105,A,2,E2,M,244
10,105,A,2,E2,M,244
11,105,A,2,E2,M,244
12,105,A,2,E2,F,244
13,105,A,2,E2,F,244
14,105,A,2,E2,F,252
15,105,A,2,E2,F,252
16,105,A,2,E2,F,252
17,105,A,2,E2,F,252
18,105,A,2,E2,M,252
19,105,A,2,E2,F,252
20,105,A,2,E2,F,252
21,105,A,2,E2,F,276
22,105,A,2,E2,F,276
23,105,A,2,E2,F,276
24,105,A,2,E2,F,276
25,105,A,2,E2,F,276
26,105,A,2,E2,F,284
27,105,A,2,E2,M,284
28,105,A,2,E2,F,284
29,105,A,2,E2,M,284
30,105,A,2,E2,M,284
1,105,B,1,E2,F,236
2,105,B,1,E2,F,244
3,105,B,1,E2,F,244
4,105,B,1,E2,F,244
5,105,B,1,E2,F,244
6,105,B,1,E2,F,252
7,105,B,1,E2,F,252
8,105,B,1,E2,F,252
9,105,B,1,E2,F,252
10,105,B,1,E2,F,252
11,105,B,1,E2,M,252
12,105,B,1,E2,F,252
13,105,B,1,E2,M,252
14,105,B,1,E2,M,252
15,105,B,1,E2,M,252
16,105,B,1,E2,M,252
17,105,B,1,E2,M,260
18,105,B,1,E2,M,260
19,105,B,1,E2,F,260
20,105,B,1,E2,F,260
21,105,B,1,E2,F,268
22,105,B,1,E2,F,268
23,105,B,1,E2,F,268
24,105,B,1,E2,F,268
25,105,B,1,E2,M,268
26,105,B,1,E2,M,268
27,105,B,1,E2,M,284
28,105,B,1,E2,M,284
29,105,B,1,E2,M,284
30,105,B,1,E2,M,284
1,105,B,2,E2,M,236
2,105,B,2,E2,M,244
3,105,B,2,E2,F,244
4,105,B,2,E2,F,244
5,105,B,2,E2,F,244
6,105,B,2,E2,F,244
7,105,B,2,E2,F,244
8,105,B,2,E2,F,244
9,105,B,2,E2,F,244
10,105,B,2,E2,F,252
11,105,B,2,E2,F,252
12,105,B,2,E2,F,252
13,105,B,2,E2,F,252
14,105,B,2,E2,M,252
15,105,B,2,E2,M,252
16,105,B,2,E2,M,252
17,105,B,2,E2,M,260
18,105,B,2,E2,M,260
19,105,B,2,E2,M,260
20,105,B,2,E2,M,260
21,105,B,2,E2,M,260
22,105,B,2,E2,M,260
23,105,B,2,E2,M,276
24,105,B,2,E2,NA,NA
25,105,B,2,E2,NA,NA
26,105,B,2,E2,NA,NA
27,105,B,2,E2,NA,NA
28,105,B,2,E2,NA,NA
29,105,B,2,E2,NA,NA
30,105,B,2,E2,NA,NA
1,105,C,1,E2,F,180
2,105,C,1,E2,F,180
3,105,C,1,E2,F,188
4,105,C,1,E2,F,188
5,105,C,1,E2,F,188
6,105,C,1,E2,F,188
7,105,C,1,E2,F,188
8,105,C,1,E2,F,188
9,105,C,1,E2,M,196
10,105,C,1,E2,M,196
11,105,C,1,E2,M,196
12,105,C,1,E2,F,196
13,105,C,1,E2,F,196
14,105,C,1,E2,F,196
15,105,C,1,E2,F,196
16,105,C,1,E2,F,196
17,105,C,1,E2,F,196
18,105,C,1,E2,F,196
19,105,C,1,E2,F,196
20,105,C,1,E2,M,204
21,105,C,1,E2,M,204
22,105,C,1,E2,M,204
23,105,C,1,E2,M,204
24,105,C,1,E2,M,204
25,105,C,1,E2,F,204
26,105,C,1,E2,F,204
27,105,C,1,E2,M,204
28,105,C,1,E2,M,220
29,105,C,1,E2,M,220
30,105,C,1,E2,M,220
1,105,C,2,E2,F,196
2,105,C,2,E2,F,196
3,105,C,2,E2,F,196
4,105,C,2,E2,F,196
5,105,C,2,E2,F,196
6,105,C,2,E2,F,196
7,105,C,2,E2,F,196
8,105,C,2,E2,F,196
9,105,C,2,E2,F,196
10,105,C,2,E2,F,196
11,105,C,2,E2,F,196
12,105,C,2,E2,M,204
13,105,C,2,E2,M,204
14,105,C,2,E2,M,204
15,105,C,2,E2,M,204
16,105,C,2,E2,M,204
17,105,C,2,E2,F,204
18,105,C,2,E2,M,204
19,105,C,2,E2,F,204
20,105,C,2,E2,M,220
21,105,C,2,E2,M,220
22,105,C,2,E2,M,220
23,105,C,2,E2,M,220
24,105,C,2,E2,M,220
25,105,C,2,E2,NA,NA
26,105,C,2,E2,NA,NA
27,105,C,2,E2,NA,NA
28,105,C,2,E2,NA,NA
29,105,C,2,E2,NA,NA
30,105,C,2,E2,NA,NA
1,105,D,1,E2,F,236
2,105,D,1,E2,F,244
3,105,D,1,E2,F,244
4,105,D,1,E2,M,244
5,105,D,1,E2,M,244
6,105,D,1,E2,M,244
7,105,D,1,E2,M,244
8,105,D,1,E2,F,244
9,105,D,1,E2,F,244
10,105,D,1,E2,F,244
11,105,D,1,E2,F,244
12,105,D,1,E2,F,244
13,105,D,1,E2,F,244
14,105,D,1,E2,F,252
15,105,D,1,E2,F,252
16,105,D,1,E2,F,252
17,105,D,1,E2,F,252
18,105,D,1,E2,F,252
19,105,D,1,E2,F,252
20,105,D,1,E2,F,252
21,105,D,1,E2,M,260
22,105,D,1,E2,M,260
23,105,D,1,E2,M,268
24,105,D,1,E2,M,268
25,105,D,1,E2,M,268
26,105,D,1,E2,M,268
27,105,D,1,E2,M,276
28,105,D,1,E2,NA,NA
29,105,D,1,E2,NA,NA
30,105,D,1,E2,NA,NA
1,105,D,2,E2,F,236
2,105,D,2,E2,F,236
3,105,D,2,E2,F,236
4,105,D,2,E2,F,236
5,105,D,2,E2,M,244
6,105,D,2,E2,M,244
7,105,D,2,E2,F,244
8,105,D,2,E2,M,244
9,105,D,2,E2,M,244
10,105,D,2,E2,M,244
11,105,D,2,E2,M,244
12,105,D,2,E2,M,244
13,105,D,2,E2,M,244
14,105,D,2,E2,M,244
15,105,D,2,E2,F,252
16,105,D,2,E2,F,252
17,105,D,2,E2,M,252
18,105,D,2,E2,M,252
19,105,D,2,E2,M,252
20,105,D,2,E2,M,252
21,105,D,2,E2,M,252
22,105,D,2,E2,F,260
23,105,D,2,E2,M,268
24,105,D,2,E2,M,268
25,105,D,2,E2,M,268
26,105,D,2,E2,M,276
27,105,D,2,E2,M,276
28,105,D,2,E2,NA,NA
29,105,D,2,E2,NA,NA
30,105,D,2,E2,NA,NA
1,106,A,1,E2,M,220
2,106,A,1,E2,F,220
3,106,A,1,E2,M,220
4,106,A,1,E2,M,220
5,106,A,1,E2,M,220
6,106,A,1,E2,M,220
7,106,A,1,E2,M,220
8,106,A,1,E2,M,220
9,106,A,1,E2,M,220
10,106,A,1,E2,F,220
11,106,A,1,E2,F,220
12,106,A,1,E2,M,220
13,106,A,1,E2,M,220
14,106,A,1,E2,M,220
15,106,A,1,E2,M,220
16,106,A,1,E2,M,220
17,106,A,1,E2,F,220
18,106,A,1,E2,F,220
19,106,A,1,E2,M,220
20,106,A,1,E2,M,220
21,106,A,1,E2,M,220
22,106,A,1,E2,M,236
23,106,A,1,E2,M,236
24,106,A,1,E2,F,236
25,106,A,1,E2,F,236
26,106,A,1,E2,M,236
27,106,A,1,E2,M,236
28,106,A,1,E2,M,236
29,106,A,1,E2,M,236
30,106,A,1,E2,M,236
1,106,A,2,E2,F,228
2,106,A,2,E2,F,228
3,106,A,2,E2,F,228
4,106,A,2,E2,F,228
5,106,A,2,E2,F,228
6,106,A,2,E2,F,236
7,106,A,2,E2,M,236
8,106,A,2,E2,M,236
9,106,A,2,E2,M,236
10,106,A,2,E2,M,236
11,106,A,2,E2,M,236
12,106,A,2,E2,F,236
13,106,A,2,E2,F,236
14,106,A,2,E2,F,236
15,106,A,2,E2,F,236
16,106,A,2,E2,M,244
17,106,A,2,E2,M,244
18,106,A,2,E2,M,244
19,106,A,2,E2,M,252
20,106,A,2,E2,M,252
21,106,A,2,E2,M,252
22,106,A,2,E2,M,252
23,106,A,2,E2,M,252
24,106,A,2,E2,M,252
25,106,A,2,E2,NA,NA
26,106,A,2,E2,NA,NA
27,106,A,2,E2,NA,NA
28,106,A,2,E2,NA,NA
29,106,A,2,E2,NA,NA
30,106,A,2,E2,NA,NA
1,106,B,2,E2,F,228
2,106,B,1,E2,F,228
3,106,B,1,E2,F,228
4,106,B,1,E2,F,228
5,106,B,1,E2,F,228
6,106,B,1,E2,F,236
7,106,B,1,E2,F,236
8,106,B,1,E2,F,236
9,106,B,1,E2,M,236
10,106,B,1,E2,F,236
11,106,B,1,E2,F,236
12,106,B,1,E2,F,236
13,106,B,1,E2,M,236
14,106,B,1,E2,M,236
15,106,B,1,E2,M,236
16,106,B,1,E2,F,236
17,106,B,1,E2,F,236
18,106,B,1,E2,F,236
19,106,B,1,E2,F,236
20,106,B,1,E2,F,236
21,106,B,1,E2,F,236
22,106,B,1,E2,F,244
23,106,B,1,E2,F,244
24,106,B,1,E2,M,244
25,106,B,1,E2,M,244
26,106,B,1,E2,M,244
27,106,B,1,E2,M,244
28,106,B,1,E2,M,244
29,106,B,1,E2,M,260
30,106,B,1,E2,NA,NA
1,106,B,1,E2,F,220
2,106,B,2,E2,F,228
3,106,B,2,E2,F,228
4,106,B,2,E2,F,228
5,106,B,2,E2,F,228
6,106,B,2,E2,F,228
7,106,B,2,E2,M,228
8,106,B,2,E2,M,228
9,106,B,2,E2,M,228
10,106,B,2,E2,M,228
11,106,B,2,E2,M,228
12,106,B,2,E2,M,228
13,106,B,2,E2,M,228
14,106,B,2,E2,M,228
15,106,B,2,E2,F,236
16,106,B,2,E2,F,236
17,106,B,2,E2,F,236
18,106,B,2,E2,M,236
19,106,B,2,E2,M,236
20,106,B,2,E2,M,236
21,106,B,2,E2,M,236
22,106,B,2,E2,M,236
23,106,B,2,E2,F,244
24,106,B,2,E2,F,244
25,106,B,2,E2,F,260
26,106,B,2,E2,M,268
27,106,B,2,E2,F,268
28,106,B,2,E2,F,268
29,106,B,2,E2,F,268
30,106,B,2,E2,F,268
1,106,C,2,E2,F,180
2,106,C,1,E2,F,180
3,106,C,1,E2,F,180
4,106,C,1,E2,M,188
5,106,C,1,E2,M,188
6,106,C,1,E2,M,188
7,106,C,1,E2,M,188
8,106,C,1,E2,M,188
9,106,C,1,E2,M,188
10,106,C,1,E2,F,188
11,106,C,1,E2,F,188
12,106,C,1,E2,F,188
13,106,C,1,E2,F,188
14,106,C,1,E2,M,196
15,106,C,1,E2,M,196
16,106,C,1,E2,M,196
17,106,C,1,E2,M,204
18,106,C,1,E2,M,204
19,106,C,1,E2,M,204
20,106,C,1,E2,M,204
21,106,C,1,E2,M,204
22,106,C,1,E2,M,204
23,106,C,1,E2,M,204
24,106,C,1,E2,F,204
25,106,C,1,E2,F,204
26,106,C,1,E2,M,212
27,106,C,1,E2,M,212
28,106,C,1,E2,M,212
29,106,C,1,E2,M,212
30,106,C,1,E2,M,212
1,106,C,1,E2,F,180
2,106,C,2,E2,F,180
3,106,C,2,E2,F,180
4,106,C,2,E2,F,180
5,106,C,2,E2,F,180
6,106,C,2,E2,F,180
7,106,C,2,E2,M,180
8,106,C,2,E2,F,188
9,106,C,2,E2,F,188
10,106,C,2,E2,F,188
11,106,C,2,E2,F,188
12,106,C,2,E2,F,188
13,106,C,2,E2,F,188
14,106,C,2,E2,F,188
15,106,C,2,E2,F,188
16,106,C,2,E2,F,188
17,106,C,2,E2,F,188
18,106,C,2,E2,M,188
19,106,C,2,E2,M,188
20,106,C,2,E2,M,196
21,106,C,2,E2,M,196
22,106,C,2,E2,M,196
23,106,C,2,E2,M,196
24,106,C,2,E2,F,196
25,106,C,2,E2,F,196
26,106,C,2,E2,F,204
27,106,C,2,E2,F,204
28,106,C,2,E2,M,204
29,106,C,2,E2,M,204
30,106,C,2,E2,NA,NA
1,106,D,2,E2,F,236
2,106,D,1,E2,F,236
3,106,D,1,E2,F,236
4,106,D,1,E2,F,236
5,106,D,1,E2,F,236
6,106,D,1,E2,M,244
7,106,D,1,E2,M,244
8,106,D,1,E2,M,244
9,106,D,1,E2,M,244
10,106,D,1,E2,F,244
11,106,D,1,E2,F,244
12,106,D,1,E2,F,244
13,106,D,1,E2,F,244
14,106,D,1,E2,F,244
15,106,D,1,E2,F,244
16,106,D,1,E2,F,244
17,106,D,1,E2,F,244
18,106,D,1,E2,F,244
19,106,D,1,E2,M,252
20,106,D,1,E2,M,252
21,106,D,1,E2,M,252
22,106,D,1,E2,M,252
23,106,D,1,E2,M,252
24,106,D,1,E2,M,252
25,106,D,1,E2,F,252
26,106,D,1,E2,F,252
27,106,D,1,E2,F,252
28,106,D,1,E2,F,252
29,106,D,1,E2,M,260
30,106,D,1,E2,M,260
1,106,D,1,E2,F,236
2,106,D,2,E2,F,236
3,106,D,2,E2,F,236
4,106,D,2,E2,F,236
5,106,D,2,E2,F,236
6,106,D,2,E2,F,236
7,106,D,2,E2,F,236
8,106,D,2,E2,F,236
9,106,D,2,E2,M,244
10,106,D,2,E2,M,244
11,106,D,2,E2,M,244
12,106,D,2,E2,M,244
13,106,D,2,E2,M,244
14,106,D,2,E2,F,244
15,106,D,2,E2,F,252
16,106,D,2,E2,F,252
17,106,D,2,E2,F,252
18,106,D,2,E2,F,252
19,106,D,2,E2,F,252
20,106,D,2,E2,M,260
21,106,D,2,E2,M,260
22,106,D,2,E2,M,260
23,106,D,2,E2,M,260
24,106,D,2,E2,M,268
25,106,D,2,E2,NA,NA
26,106,D,2,E2,NA,NA
27,106,D,2,E2,NA,NA
28,106,D,2,E2,NA,NA
29,106,D,2,E2,NA,NA
30,106,D,2,E2,NA,NA