"","id","seed_size","day","size","log_size"
"1","1_1",0.0439839393448554,"day_4",0.473,-0.748659890490204
"2","1_1",0.0439839393448554,"day_5",1.915,0.649717622632609
"3","1_1",0.0439839393448554,"day_7",4.016,1.39028638238943
"4","1_1",0.0439839393448554,"day_10",7.821,2.05681242361947
"5","1_2",-0.0104048028557715,"day_4",1.898,0.640800700187736
"6","1_2",-0.0104048028557715,"day_5",3.133,1.14199101197005
"7","1_2",-0.0104048028557715,"day_7",5.999,1.79159278867096
"8","1_2",-0.0104048028557715,"day_10",15.602,2.74739911116612
"9","1_2",-0.0104048028557715,"day_14",57.068,4.04424353925257
"10","1_2",-0.0104048028557715,"day_17",117.501,4.7664468441863
"11","1_3",-0.608680967062668,"day_4",1.157,0.14583044821154
"12","1_3",-0.608680967062668,"day_5",2.574,0.945461109173935
"13","1_3",-0.608680967062668,"day_7",5.083,1.62590163846477
"14","1_3",-0.608680967062668,"day_10",12.519,2.52724749027753
"15","1_3",-0.608680967062668,"day_14",41.987,3.73736004656146
"16","1_3",-0.608680967062668,"day_17",82.41,4.41170678877529
"17","1_6",-0.717458451463922,"day_4",1.902,0.642905964123199
"18","1_6",-0.717458451463922,"day_5",3.121,1.13815346328864
"19","1_6",-0.717458451463922,"day_7",5.821,1.7614720682896
"20","1_6",-0.717458451463922,"day_10",15.021,2.70944922201592
"21","1_6",-0.717458451463922,"day_14",47.842,3.8679039147886
"22","1_6",-0.717458451463922,"day_17",129.17,4.86112936624392
"23","1_7",0.9413981856552,"day_4",0.867,-0.142716302201595
"24","1_7",0.9413981856552,"day_5",1.546,0.43567095016523
"25","1_7",0.9413981856552,"day_7",2.988,1.09460426727057
"26","1_7",0.9413981856552,"day_10",7.201,1.97421990526673
"27","1_7",0.9413981856552,"day_14",30.718,3.42484880199344
"28","1_7",0.9413981856552,"day_17",76.033,4.33116745657054
"29","1_8",-1.20695713126956,"day_4",1.55,0.438254930931155
"30","1_8",-1.20695713126956,"day_5",2.754,1.01305440030646
"31","1_8",-1.20695713126956,"day_7",4.706,1.54883829030517
"32","1_8",-1.20695713126956,"day_10",7.759,2.04885345991181
"33","1_8",-1.20695713126956,"day_14",15.99,2.77196352684586
"34","1_8",-1.20695713126956,"day_17",29.629,3.38875361143781
"35","1_9",2.60025482277432,"day_3",0.896,-0.109814866007207
"36","1_9",2.60025482277432,"day_4",2.554,0.937660757610348
"37","1_9",2.60025482277432,"day_5",4.091,1.40878943894726
"38","1_9",2.60025482277432,"day_7",7.494,2.0141027003715
"39","1_9",2.60025482277432,"day_10",16.552,2.80650694044324
"40","1_9",2.60025482277432,"day_14",58.164,4.06326660665124
"41","1_9",2.60025482277432,"day_17",153.083,5.0309802579615
"42","1_10",-2.13156574868022,"day_4",1.53,0.425267735404344
"43","1_10",-2.13156574868022,"day_5",2.603,0.956664626012428
"44","1_10",-2.13156574868022,"day_7",5.166,1.64209869467365
"45","1_10",-2.13156574868022,"day_10",13.593,2.60955495435311
"46","1_10",-2.13156574868022,"day_14",46.028,3.82924990696121
"47","1_10",-2.13156574868022,"day_17",98.458,4.58963006130636
"48","1_11",0.152761423746109,"day_4",0.898,-0.107585210679937
"49","1_11",0.152761423746109,"day_5",2.074,0.729479109807336
"50","1_11",0.152761423746109,"day_7",3.947,1.37295579668071
"51","1_11",0.152761423746109,"day_10",9.371,2.23761981414169
"52","1_11",0.152761423746109,"day_14",31.054,3.43572762455898
"53","1_11",0.152761423746109,"day_17",72.363,4.2816951190375
"54","1_12",0.506288248050185,"day_4",1.344,0.295650242100958
"55","1_12",0.506288248050185,"day_5",2.633,0.968123880514172
"56","1_12",0.506288248050185,"day_7",4.201,1.43532259218725
"57","1_12",0.506288248050185,"day_10",7.968,2.0754335202823
"58","1_12",0.506288248050185,"day_14",22.386,3.10843576346708
"59","1_12",0.506288248050185,"day_17",55.157,4.01018366420893
"60","1_13",-0.527097853761728,"day_4",0.415,-0.879476758751439
"61","1_13",-0.527097853761728,"day_5",1.372,0.316269529303694
"62","1_13",-0.527097853761728,"day_7",2.669,0.981703870422387
"63","1_13",-0.527097853761728,"day_10",5.199,1.64846629940158
"64","1_13",-0.527097853761728,"day_14",19.045,2.94680459993057
"65","1_13",-0.527097853761728,"day_17",48.336,3.87817662464432
"66","1_14",-0.173571029457652,"day_4",1.319,0.276873873735178
"67","1_14",-0.173571029457652,"day_5",2.502,0.917090412044719
"68","1_14",-0.173571029457652,"day_7",4.746,1.55730215801357
"69","1_14",-0.173571029457652,"day_10",10.758,2.37564966385105
"70","1_14",-0.173571029457652,"day_14",33.244,3.50387429969078
"71","1_14",-0.173571029457652,"day_17",75.656,4.32619674971321
"72","1_15",-1.39731772897176,"day_4",0.477,-0.740238788093796
"73","1_15",-1.39731772897176,"day_5",1.484,0.394741144745189
"74","1_15",-1.39731772897176,"day_7",3.063,1.11939482785064
"75","1_15",-1.39731772897176,"day_10",6.852,1.92454058046187
"76","1_15",-1.39731772897176,"day_14",22.821,3.12768116468327
"77","1_15",-1.39731772897176,"day_17",50.568,3.92331896517
"78","1_16",0.914203814554887,"day_7",4.349,1.4699459336155
"79","1_16",0.914203814554887,"day_10",7.916,2.06888602774032
"80","1_16",0.914203814554887,"day_14",24.152,3.18436719240454
"81","1_16",0.914203814554887,"day_17",55.247,4.0118140402811
"82","1_17",0.723843216852692,"day_4",1.568,0.449800921928216
"83","1_17",0.723843216852692,"day_5",2.835,1.04204193717972
"84","1_17",0.723843216852692,"day_7",4.861,1.58124417806332
"85","1_17",0.723843216852692,"day_10",10.312,2.33330826563689
"86","1_17",0.723843216852692,"day_14",29.702,3.39121438360875
"87","1_17",0.723843216852692,"day_17",78.535,4.363544385295
"88","1_18",-0.935013420266428,"day_4",1.646,0.498348102254878
"89","1_18",-0.935013420266428,"day_5",2.809,1.03282854812211
"90","1_18",-0.935013420266428,"day_7",5.023,1.61402736476791
"91","1_18",-0.935013420266428,"day_10",10.65,2.36555989215543
"92","1_18",-0.935013420266428,"day_14",32.314,3.47550057285464
"93","1_18",-0.935013420266428,"day_17",77.616,4.35177359150286
"94","1_19",-0.989402162467055,"day_5",2.497,0.915090011297636
"95","1_19",-0.989402162467055,"day_7",4.438,1.4902038245104
"96","1_19",-0.989402162467055,"day_10",9.444,2.24537961922327
"97","1_19",-0.989402162467055,"day_14",23.495,3.15678763255478
"98","1_19",-0.989402162467055,"day_17",47.275,3.85598161454452
"99","1_20",-0.989402162467055,"day_4",1.693,0.526502103150998
"100","1_20",-0.989402162467055,"day_5",2.761,1.01559293294802
"101","1_20",-0.989402162467055,"day_7",4.441,1.49087957630997
"102","1_20",-0.989402162467055,"day_10",10.464,2.34794079471484
"103","1_20",-0.989402162467055,"day_14",30.395,3.41427812120069
"104","1_20",-0.989402162467055,"day_17",64.524,4.16703724761554
"105","1_22",0.0167895682445419,"day_4",1.441,0.365337317017385
"106","1_22",0.0167895682445419,"day_5",2.421,0.884180677955921
"107","1_22",0.0167895682445419,"day_7",4.751,1.55835512220478
"108","1_22",0.0167895682445419,"day_10",10.798,2.3793609317961
"109","1_22",0.0167895682445419,"day_14",22.562,3.11626707518273
"110","1_22",0.0167895682445419,"day_17",16.789,2.82072391005426
"111","1_23",-1.56048395557364,"day_7",1.983,0.684610849537659
"112","1_23",-1.56048395557364,"day_10",4.481,1.49984623580401
"113","1_23",-1.56048395557364,"day_14",13.586,2.60903985076911
"114","1_23",-1.56048395557364,"day_17",32.871,3.49259081009137
"115","1_24",0.560676990250812,"day_5",1.294,0.257738196078709
"116","1_24",0.560676990250812,"day_7",2.228,0.801104322065038
"117","1_24",0.560676990250812,"day_10",4.337,1.46718286485323
"118","1_24",0.560676990250812,"day_14",3.262,1.18234050419882
"119","1_27",-0.0104048028557715,"day_3",0.735,-0.3078847797693
"120","1_27",-0.0104048028557715,"day_4",2.263,0.8166913666514
"121","1_27",-0.0104048028557715,"day_5",3.35,1.20896034583698
"122","1_27",-0.0104048028557715,"day_7",6.199,1.82438798871978
"123","1_27",-0.0104048028557715,"day_10",15.682,2.75251355780873
"124","1_27",-0.0104048028557715,"day_14",52.825,3.96698456350212
"125","1_27",-0.0104048028557715,"day_17",94.825,4.55203308757496
"126","1_28",-0.635875338162982,"day_4",1.101,0.0962188577405429
"127","1_28",-0.635875338162982,"day_5",2.269,0.819339205797705
"128","1_28",-0.635875338162982,"day_7",4.245,1.44574181976331
"129","1_28",-0.635875338162982,"day_10",9.661,2.26809716253537
"130","1_28",-0.635875338162982,"day_14",28.741,3.35832467475676
"131","1_28",-0.635875338162982,"day_17",64.598,4.16818345055697
"132","1_29",0.887009443454573,"day_4",1.78,0.576613364303994
"133","1_29",0.887009443454573,"day_5",3.296,1.19270961204723
"134","1_29",0.887009443454573,"day_7",6.254,1.83322125903565
"135","1_29",0.887009443454573,"day_10",13.246,2.58369562006279
"136","1_29",0.887009443454573,"day_14",37.277,3.61837651447633
"137","1_29",0.887009443454573,"day_17",82.715,4.41540096405898
"138","1_30",-0.744652822564234,"day_7",2.658,0.977573960291054
"139","1_30",-0.744652822564234,"day_10",6.958,1.93989207672975
"140","1_30",-0.744652822564234,"day_14",20.438,3.01739591319002
"141","1_30",-0.744652822564234,"day_17",53.751,3.98436227148587
"142","1_32",-1.26134587347019,"day_4",1.153,0.142367241286922
"143","1_32",-1.26134587347019,"day_5",2.235,0.804241228065532
"144","1_32",-1.26134587347019,"day_7",3.617,1.28564495296996
"145","1_32",-1.26134587347019,"day_10",7.13,1.9643112344262
"146","1_32",-1.26134587347019,"day_14",16.183,2.78396130853475
"147","1_32",-1.26134587347019,"day_17",23.918,3.17463131354662
"148","1_34",-0.146376658357339,"day_4",1.302,0.263901543786378
"149","1_34",-0.146376658357339,"day_5",2.715,0.998791953385899
"150","1_34",-0.146376658357339,"day_7",4.844,1.57774082569085
"151","1_34",-0.146376658357339,"day_10",11.788,2.46708206487545
"152","1_34",-0.146376658357339,"day_14",36.499,3.59728486295286
"153","1_34",-0.146376658357339,"day_17",94.744,4.55117851741919
"154","1_35",-1.17976276016925,"day_3",0.568,-0.565633860260986
"155","1_35",-1.17976276016925,"day_4",1.7,0.53062825106217
"156","1_35",-1.17976276016925,"day_5",2.658,0.977573960291054
"157","1_35",-1.17976276016925,"day_7",4.946,1.59857916909922
"158","1_35",-1.17976276016925,"day_10",13.163,2.57740986344327
"159","1_35",-1.17976276016925,"day_14",45.054,3.8078617703458
"160","1_35",-1.17976276016925,"day_17",109.882,4.69940706273598
"161","1_38",-1.72365018217552,"day_4",1.622,0.483659955693221
"162","1_38",-1.72365018217552,"day_5",2.563,0.941178447381934
"163","1_38",-1.72365018217552,"day_7",4.723,1.55244419091398
"164","1_38",-1.72365018217552,"day_10",10.808,2.3802866006579
"165","1_38",-1.72365018217552,"day_14",32.379,3.47751006451132
"166","1_38",-1.72365018217552,"day_17",74.776,4.31449697788028
"167","1_39",1.37650812326021,"day_3",0.656,-0.421594490038048
"168","1_39",1.37650812326021,"day_4",2.442,0.892817375688513
"169","1_39",1.37650812326021,"day_5",4.222,1.44030894942613
"170","1_39",1.37650812326021,"day_7",8.233,2.10815046831629
"171","1_39",1.37650812326021,"day_10",20.151,3.00325391495284
"172","1_39",1.37650812326021,"day_14",65.472,4.18162257032916
"173","1_39",1.37650812326021,"day_17",146.383,4.98622647456616
"174","1_40",0.587871361351125,"day_4",1.732,0.549276810140243
"175","1_40",0.587871361351125,"day_5",2.798,1.02890487624329
"176","1_40",0.587871361351125,"day_7",4.442,1.49110472547224
"177","1_40",0.587871361351125,"day_10",8.729,2.16665081575321
"178","1_40",0.587871361351125,"day_14",27.31,3.30725293548561
"179","1_40",0.587871361351125,"day_17",59.292,4.08247438965161
"180","1_41",-1.39731772897176,"day_4",1.031,0.0305292050348228
"181","1_41",-1.39731772897176,"day_5",1.939,0.662172376260515
"182","1_41",-1.39731772897176,"day_7",2.967,1.08755134130868
"183","1_41",-1.39731772897176,"day_10",6.526,1.87579419817113
"184","1_41",-1.39731772897176,"day_14",18.462,2.91571456556796
"185","1_41",-1.39731772897176,"day_17",47.665,3.86419737594554
"186","1_44",1.26773063885896,"day_4",0.582,-0.541284831250699
"187","1_44",1.26773063885896,"day_5",1.539,0.431132854856742
"188","1_44",1.26773063885896,"day_7",3.074,1.1229796451164
"189","1_44",1.26773063885896,"day_10",6.114,1.81058122346864
"190","1_44",1.26773063885896,"day_14",7.354,1.99524438287908
"191","1_46",-0.554292224862041,"day_5",1.338,0.291175961706037
"192","1_46",-0.554292224862041,"day_7",3.297,1.19301296408959
"193","1_46",-0.554292224862041,"day_10",7.156,1.96795116564647
"194","1_46",-0.554292224862041,"day_14",21.746,3.07942983257556
"195","1_46",-0.554292224862041,"day_17",54.535,3.99884269738071
"196","1_48",-0.091987916156712,"day_4",1.449,0.370873663338545
"197","1_48",-0.091987916156712,"day_5",2.449,0.895679777970031
"198","1_48",-0.091987916156712,"day_7",4.079,1.40585186033542
"199","1_48",-0.091987916156712,"day_10",8.138,2.0965444495795
"200","1_48",-0.091987916156712,"day_14",18.651,2.92589976395531
"201","1_48",-0.091987916156712,"day_17",45.124,3.80941425574267
"202","1_49",-0.336737256059533,"day_4",1.259,0.23031775506221
"203","1_49",-0.336737256059533,"day_5",2.573,0.945072533299607
"204","1_49",-0.336737256059533,"day_7",5.176,1.6440325571986
"205","1_49",-0.336737256059533,"day_10",10.308,2.33292029279012
"206","1_49",-0.336737256059533,"day_14",33.667,3.51651812911423
"207","1_49",-0.336737256059533,"day_17",78.536,4.36355711839022
"208","1_50",-1.94120515097803,"day_4",1.077,0.0741793981742515
"209","1_50",-1.94120515097803,"day_5",1.811,0.593879178901276
"210","1_50",-1.94120515097803,"day_7",3.005,1.10027756798717
"211","1_50",-1.94120515097803,"day_10",6.573,1.88297034928144
"212","1_50",-1.94120515097803,"day_14",21.352,3.06114541210222
"213","1_50",-1.94120515097803,"day_17",56.904,4.04136563743121
"214","1_52",0.669454474652065,"day_4",1.069,0.0667236320429081
"215","1_52",0.669454474652065,"day_5",2.836,1.04239460866988
"216","1_52",0.669454474652065,"day_7",3.652,1.29527496273272
"217","1_53",-0.173571029457652,"day_5",1.449,0.370873663338545
"218","1_53",-0.173571029457652,"day_7",3.758,1.32388690099127
"219","1_53",-0.173571029457652,"day_10",7.968,2.0754335202823
"220","1_53",-0.173571029457652,"day_14",20.444,3.01768944090603
"221","1_53",-0.173571029457652,"day_17",41.004,3.71366962292115
"222","1_54",-1.58767832667395,"day_4",1.56,0.444685821261446
"223","1_54",-1.58767832667395,"day_5",2.481,0.908661704709664
"224","1_54",-1.58767832667395,"day_7",4.161,1.4257554300008
"225","1_54",-1.58767832667395,"day_10",9.553,2.25685524128787
"226","1_54",-1.58767832667395,"day_14",33.797,3.52037204115335
"227","1_54",-1.58767832667395,"day_17",79.188,4.37182477218929
"228","1_55",0.479093876949871,"day_4",2.017,0.701611258972075
"229","1_55",0.479093876949871,"day_5",3.564,1.27088350960856
"230","1_55",0.479093876949871,"day_7",6.485,1.86949181776841
"231","1_55",0.479093876949871,"day_10",13.396,2.59495615493196
"232","1_55",0.479093876949871,"day_14",41.965,3.73683593753479
"233","1_55",0.479093876949871,"day_17",109.984,4.70033490066742
"234","1_56",0.125567052645796,"day_4",2.095,0.739553553374101
"235","1_56",0.125567052645796,"day_5",3.412,1.22729862962943
"236","1_56",0.125567052645796,"day_7",6.581,1.88418670947398
"237","1_56",0.125567052645796,"day_10",13.738,2.62016571579169
"238","1_56",0.125567052645796,"day_14",39.648,3.68004050544673
"239","1_56",0.125567052645796,"day_17",94.895,4.55277101718888
"240","1_58",0.506288248050185,"day_4",1.629,0.487966329619908
"241","1_58",0.506288248050185,"day_5",2.981,1.09225881469593
"242","1_58",0.506288248050185,"day_7",4.986,1.60663398510137
"243","1_58",0.506288248050185,"day_10",11.068,2.40405806192468
"244","1_58",0.506288248050185,"day_14",36.332,3.59269889563997
"245","1_58",0.506288248050185,"day_17",74.745,4.31408232040148
"246","1_59",0.805426330153633,"day_4",2.044,0.714908672341458
"247","1_59",0.805426330153633,"day_5",3.186,1.15876621148786
"248","1_59",0.805426330153633,"day_7",5.905,1.77579944964933
"249","1_59",0.805426330153633,"day_10",13.854,2.62857399960041
"250","1_59",0.805426330153633,"day_14",46.705,3.84385122532481
"251","1_59",0.805426330153633,"day_17",117.787,4.76887790859125
"252","1_60",-0.472709111561101,"day_5",1.559,0.444044590075639
"253","1_60",-0.472709111561101,"day_7",3.576,1.27424485731127
"254","1_63",-0.173571029457652,"day_4",0.719,-0.32989392126109
"255","1_63",-0.173571029457652,"day_5",1.126,0.118671529717499
"256","1_63",-0.173571029457652,"day_7",2.007,0.696641069814201
"257","1_63",-0.173571029457652,"day_10",4.257,1.44856468684602
"258","1_63",-0.173571029457652,"day_14",12.288,2.50862317640532
"259","1_63",-0.173571029457652,"day_17",26.073,3.26090029612343
"260","1_64",-0.119182287257025,"day_4",1.259,0.23031775506221
"261","1_64",-0.119182287257025,"day_5",2.419,0.88335423162789
"262","1_64",-0.119182287257025,"day_7",2.033,0.70951253464621
"263","1_65",0.723843216852692,"day_4",2.197,0.787092793402473
"264","1_65",0.723843216852692,"day_5",3.38,1.21787570949493
"265","1_65",0.723843216852692,"day_7",6.311,1.8422941426021
"266","1_65",0.723843216852692,"day_10",13.342,2.59091695428732
"267","1_65",0.723843216852692,"day_14",39.06,3.66509892544853
"268","1_65",0.723843216852692,"day_17",88.356,4.48137410817458
"269","1_66",-1.45170647117238,"day_7",1.464,0.38117241553912
"270","1_66",-1.45170647117238,"day_10",3.115,1.13622915223942
"271","1_66",-1.45170647117238,"day_14",10.501,2.35147049072386
"272","1_66",-1.45170647117238,"day_17",22.017,3.09181488223104
"273","1_67",2.27392236957056,"day_3",1.304,0.265436463504461
"274","1_67",2.27392236957056,"day_4",2.54,0.932164081030445
"275","1_67",2.27392236957056,"day_5",3.881,1.35609285238677
"276","1_67",2.27392236957056,"day_7",6.98,1.94304891677428
"277","1_67",2.27392236957056,"day_10",13.993,2.63855720457358
"278","1_67",2.27392236957056,"day_14",34.847,3.55096705028739
"279","1_67",2.27392236957056,"day_17",73.222,4.29349592226032
"280","1_68",-2.37631508858304,"day_4",1.666,0.510425543744651
"281","1_68",-2.37631508858304,"day_5",2.525,0.926241062727323
"282","1_68",-2.37631508858304,"day_7",3.897,1.36020702635657
"283","1_68",-2.37631508858304,"day_10",6.826,1.92073885048452
"284","1_68",-2.37631508858304,"day_14",9.532,2.2546545592365
"285","1_69",-1.50609521337301,"day_4",0.691,-0.369615455214467
"286","1_69",-1.50609521337301,"day_5",1.671,0.513422249613257
"287","1_69",-1.50609521337301,"day_7",3.309,1.19664602893948
"288","1_69",-1.50609521337301,"day_10",7.385,1.99945091598334
"289","1_69",-1.50609521337301,"day_14",26.014,3.25863485464155
"290","1_69",-1.50609521337301,"day_17",53.023,3.97072578168188
"291","1_70",-0.989402162467055,"day_4",1.548,0.436963775167535
"292","1_70",-0.989402162467055,"day_5",2.69,0.989541193613748
"293","1_70",-0.989402162467055,"day_7",4.539,1.51270672347433
"294","1_70",-0.989402162467055,"day_10",11.976,2.48290464711733
"295","1_70",-0.989402162467055,"day_14",38.145,3.64139468754219
"296","1_70",-0.989402162467055,"day_17",87.639,4.47322610434724
"297","1_71",0.125567052645796,"day_3",1.226,0.20375683751402
"298","1_71",0.125567052645796,"day_4",2.27,0.819779831493311
"299","1_71",0.125567052645796,"day_5",3.419,1.22934811065716
"300","1_71",0.125567052645796,"day_7",6.479,1.86856617746782
"301","1_71",0.125567052645796,"day_10",15.679,2.75232223737831
"302","1_71",0.125567052645796,"day_14",32.712,3.48774198306234
"303","1_71",0.125567052645796,"day_17",75.076,4.318500933794
"304","1_72",0.31592765034799,"day_3",1.32,0.27763173659828
"305","1_72",0.31592765034799,"day_4",2.516,0.922670338838194
"306","1_72",0.31592765034799,"day_5",3.673,1.30100876683753
"307","1_72",0.31592765034799,"day_7",5.631,1.72828704627248
"308","1_72",0.31592765034799,"day_10",11.936,2.47955904346141
"309","1_72",0.31592765034799,"day_14",31.01,3.43430973311236
"310","1_72",0.31592765034799,"day_17",60.515,4.10289126819057
"311","1_73",0.778231959053319,"day_3",0.633,-0.457284856837961
"312","1_73",0.778231959053319,"day_4",1.929,0.657001733923592
"313","1_73",0.778231959053319,"day_5",3.23,1.17248213723457
"314","1_73",0.778231959053319,"day_7",5.712,1.74256922503728
"315","1_73",0.778231959053319,"day_10",12.782,2.54803793122809
"316","1_73",0.778231959053319,"day_14",40.825,3.70929463885653
"317","1_73",0.778231959053319,"day_17",74.877,4.31584676726419
"318","1_74",-1.31573461567082,"day_4",1.04,0.0392207131532813
"319","1_74",-1.31573461567082,"day_5",2.058,0.721734637411858
"320","1_74",-1.31573461567082,"day_7",3.373,1.21580255607951
"321","1_74",-1.31573461567082,"day_10",6.775,1.91323936676576
"322","1_74",-1.31573461567082,"day_14",21.624,3.07380380897415
"323","1_74",-1.31573461567082,"day_17",45.502,3.81775628103482
"324","1_75",0.0439839393448554,"day_4",2.035,0.710495818894558
"325","1_75",0.0439839393448554,"day_5",3.44,1.23547147138531
"326","1_75",0.0439839393448554,"day_7",6.628,1.89130309956432
"327","1_75",0.0439839393448554,"day_10",13.836,2.62727389107492
"328","1_75",0.0439839393448554,"day_14",43.969,3.78348484015493
"329","1_75",0.0439839393448554,"day_17",91.102,4.51197975792175
"330","1_76",-0.146376658357339,"day_4",1.534,0.427878702945064
"331","1_76",-0.146376658357339,"day_5",2.507,0.919086819176156
"332","1_76",-0.146376658357339,"day_7",4.462,1.49559709601034
"333","1_76",-0.146376658357339,"day_10",9.389,2.23953879127641
"334","1_76",-0.146376658357339,"day_14",25.698,3.24641316786129
"335","1_76",-0.146376658357339,"day_17",44.991,3.80646246976765
"336","1_77",0.642260103551752,"day_7",3.622,1.28702635946122
"337","1_77",0.642260103551752,"day_10",6.061,1.80187480296915
"338","1_77",0.642260103551752,"day_14",13.014,2.56602570107279
"339","1_78",0.887009443454573,"day_4",0.988,-0.0120725812342692
"340","1_78",0.887009443454573,"day_5",2.393,0.872547808926236
"341","1_78",0.887009443454573,"day_7",4.745,1.55709143206189
"342","1_78",0.887009443454573,"day_10",10.229,2.32522682347487
"343","1_78",0.887009443454573,"day_14",33.939,3.52456479561244
"344","1_78",0.887009443454573,"day_17",64.401,4.16512916094006
"345","1_80",-0.0647935450563985,"day_3",0.206,-1.57987911019256
"346","1_80",-0.0647935450563985,"day_4",1.773,0.572673027092071
"347","1_80",-0.0647935450563985,"day_5",3.076,1.1236300516434
"348","1_80",-0.0647935450563985,"day_7",5.65,1.73165554515835
"349","1_80",-0.0647935450563985,"day_10",13.112,2.57352784144153
"350","1_80",-0.0647935450563985,"day_14",41.386,3.72294265938964
"351","1_80",-0.0647935450563985,"day_17",73.044,4.29106199929979
"352","2_1",0.261538908147363,"day_3",0.127,-2.06356819252355
"353","2_1",0.261538908147363,"day_4",1.539,0.431132854856742
"354","2_1",0.261538908147363,"day_5",2.377,0.865839188378057
"355","2_1",0.261538908147363,"day_7",3.713,1.31184017519494
"356","2_1",0.261538908147363,"day_10",7.591,2.02696333503463
"357","2_1",0.261538908147363,"day_14",24.697,3.20668177876749
"358","2_1",0.261538908147363,"day_17",62.963,4.1425472522751
"359","2_3",-0.200765400557966,"day_4",1.812,0.594431207620788
"360","2_3",-0.200765400557966,"day_5",3.573,1.27340557904127
"361","2_3",-0.200765400557966,"day_7",6.865,1.92643603921993
"362","2_3",-0.200765400557966,"day_10",14.284,2.6591400297322
"363","2_3",-0.200765400557966,"day_14",47.096,3.85218807172596
"364","2_3",-0.200765400557966,"day_17",102.317,4.62807583705967
"365","2_7",-1.09817964686831,"day_3",1.01,0.00995033085316809
"366","2_7",-1.09817964686831,"day_5",3.407,1.22583213867883
"367","2_7",-1.09817964686831,"day_7",6.756,1.91043099894555
"368","2_7",-1.09817964686831,"day_10",14.576,2.6793763405176
"369","2_7",-1.09817964686831,"day_14",58.222,4.06426329018365
"370","2_7",-1.09817964686831,"day_17",131.959,4.88249126827771
"371","2_9",1.40370249436053,"day_4",1.741,0.554459660786052
"372","2_9",1.40370249436053,"day_5",3.195,1.1615870878295
"373","2_9",1.40370249436053,"day_7",5.617,1.7257977135503
"374","2_9",1.40370249436053,"day_10",14.373,2.66535144656909
"375","2_9",1.40370249436053,"day_14",61.01,4.11103778516376
"376","2_9",1.40370249436053,"day_17",144.635,4.97421332746229
"377","2_11",0.968592556755512,"day_4",1.489,0.398104753701872
"378","2_11",0.968592556755512,"day_5",3.079,1.12460486894236
"379","2_11",0.968592556755512,"day_7",6.055,1.80088437700506
"380","2_11",0.968592556755512,"day_10",10.532,2.35441824163406
"381","2_11",0.968592556755512,"day_14",29.832,3.39558164287652
"382","2_11",0.968592556755512,"day_17",77.669,4.35245620736477
"383","2_12",-1.04379090466768,"day_4",0.639,-0.447850824604602
"384","2_12",-1.04379090466768,"day_5",1.842,0.610851937833115
"385","2_12",-1.04379090466768,"day_7",3.607,1.2828764019214
"386","2_12",-1.04379090466768,"day_10",8.239,2.10887897733345
"387","2_12",-1.04379090466768,"day_14",29.82,3.39517930933659
"388","2_12",-1.04379090466768,"day_17",74.257,4.30753204933337
"389","2_13",-1.77803892437615,"day_5",1.445,0.368109321564396
"390","2_13",-1.77803892437615,"day_7",2.929,1.0746610678456
"391","2_13",-1.77803892437615,"day_10",6.854,1.92483242345242
"392","2_13",-1.77803892437615,"day_14",28.48,3.34920208654377
"393","2_13",-1.77803892437615,"day_17",65.674,4.18470310896158
"394","2_14",1.29492500995927,"day_3",1.675,0.51581316527703
"395","2_14",1.29492500995927,"day_4",3.106,1.1333357247265
"396","2_14",1.29492500995927,"day_5",4.792,1.56694786081315
"397","2_14",1.29492500995927,"day_7",9.265,2.22624385973732
"398","2_14",1.29492500995927,"day_10",23.401,3.15277875649327
"399","2_14",1.29492500995927,"day_14",73.45,4.29660490261989
"400","2_14",1.29492500995927,"day_17",150.651,5.0149659034567
"401","2_17",0.125567052645796,"day_3",0.644,-0.440056552877783
"402","2_17",0.125567052645796,"day_4",1.839,0.609221945622184
"403","2_17",0.125567052645796,"day_5",2.985,1.09359974684457
"404","2_17",0.125567052645796,"day_7",5.015,1.6124334214139
"405","2_17",0.125567052645796,"day_10",10.337,2.33572969158635
"406","2_17",0.125567052645796,"day_14",33.783,3.519957717383
"407","2_17",0.125567052645796,"day_17",62.537,4.13575838157948
"408","2_18",-0.255154142758593,"day_3",0.888,-0.118783535989967
"409","2_18",-0.255154142758593,"day_4",2.397,0.874217955452247
"410","2_18",-0.255154142758593,"day_5",3.799,1.33473787420549
"411","2_18",-0.255154142758593,"day_7",6.802,1.917216686585
"412","2_18",-0.255154142758593,"day_10",16.198,2.7848877778268
"413","2_18",-0.255154142758593,"day_14",56.096,4.02706450873882
"414","2_18",-0.255154142758593,"day_17",131.033,4.87544919987451
"415","2_21",0.9413981856552,"day_4",2.463,0.901380119138401
"416","2_21",0.9413981856552,"day_5",3.905,1.36225778329165
"417","2_21",0.9413981856552,"day_7",6.648,1.89431605755315
"418","2_21",0.9413981856552,"day_10",13.637,2.6127866868757
"419","2_21",0.9413981856552,"day_14",50.902,3.92990221551538
"420","2_21",0.9413981856552,"day_17",122.645,4.80929400346505
"421","2_22",1.62125746316304,"day_3",1.231,0.207826847202317
"422","2_22",1.62125746316304,"day_4",2.639,0.970400057521187
"423","2_22",1.62125746316304,"day_5",4.162,1.42599572797144
"424","2_22",1.62125746316304,"day_7",7.768,2.05001273098902
"425","2_22",1.62125746316304,"day_10",19.756,2.98345724267838
"426","2_22",1.62125746316304,"day_14",75.422,4.32309900964355
"427","2_22",1.62125746316304,"day_17",180.726,5.19698207213983
"428","2_23",1.05017567005645,"day_5",1.323,0.279901885132819
"429","2_23",1.05017567005645,"day_7",4.276,1.4530179931628
"430","2_23",1.05017567005645,"day_10",9.842,2.28665894244379
"431","2_23",1.05017567005645,"day_14",28.798,3.36030594028608
"432","2_23",1.05017567005645,"day_17",65.051,4.17517157763052
"433","2_24",1.07737004115677,"day_3",1.378,0.320633172591467
"434","2_24",1.07737004115677,"day_4",2.635,0.968883181993326
"435","2_24",1.07737004115677,"day_5",3.994,1.38479323499362
"436","2_24",1.07737004115677,"day_7",7.601,2.0282798175839
"437","2_24",1.07737004115677,"day_10",17.557,2.86545273078707
"438","2_24",1.07737004115677,"day_14",57.509,4.05194145729419
"439","2_24",1.07737004115677,"day_17",110.875,4.70840344062974
"440","2_26",0.85981507235426,"day_3",0.715,-0.335472736288129
"441","2_26",0.85981507235426,"day_4",2.036,0.710987098688276
"442","2_26",0.85981507235426,"day_5",3.232,1.17310114065885
"443","2_26",0.85981507235426,"day_7",5.874,1.77053583277643
"444","2_26",0.85981507235426,"day_10",13.752,2.62118426808055
"445","2_26",0.85981507235426,"day_14",50.978,3.9313941671074
"446","2_26",0.85981507235426,"day_17",128.028,4.85224898999732
"447","2_27",-0.690264080363609,"day_4",1.437,0.362557607096888
"448","2_27",-0.690264080363609,"day_5",2.434,0.889535994565335
"449","2_27",-0.690264080363609,"day_7",4.636,1.53385192547751
"450","2_27",-0.690264080363609,"day_10",10.902,2.38894625864209
"451","2_27",-0.690264080363609,"day_14",35.322,3.56450599927418
"452","2_27",-0.690264080363609,"day_17",81.761,4.40380035730036
"453","2_28",0.642260103551752,"day_4",1.658,0.505612056713103
"454","2_28",0.642260103551752,"day_5",2.79,1.02604159583327
"455","2_28",0.642260103551752,"day_7",4.959,1.601204107507
"456","2_28",0.642260103551752,"day_10",10.729,2.37295035565461
"457","2_28",0.642260103551752,"day_14",34.087,3.52891607993065
"458","2_28",0.642260103551752,"day_17",75.965,4.33027270789573
"459","2_29",-0.554292224862041,"day_4",2.172,0.775648402071689
"460","2_29",-0.554292224862041,"day_5",3.416,1.22847027592632
"461","2_29",-0.554292224862041,"day_7",5.733,1.74623895392625
"462","2_29",-0.554292224862041,"day_10",13.336,2.59046714544849
"463","2_29",-0.554292224862041,"day_14",47.524,3.86123484659604
"464","2_29",-0.554292224862041,"day_17",116.08,4.75427960857593
"465","2_30",-2.21314886198116,"day_3",0.679,-0.387134151423441
"466","2_30",-2.21314886198116,"day_4",1.823,0.600483495696526
"467","2_30",-2.21314886198116,"day_5",2.859,1.05047191334017
"468","2_30",-2.21314886198116,"day_7",5.635,1.72899714749174
"469","2_30",-2.21314886198116,"day_10",14.229,2.65528213556355
"470","2_30",-2.21314886198116,"day_14",48.529,3.88216155739398
"471","2_30",-2.21314886198116,"day_17",113.857,4.73494327502897
"472","2_31",0.533482619150498,"day_4",1.239,0.214304602647005
"473","2_31",0.533482619150498,"day_5",2.827,1.03921607871145
"474","2_31",0.533482619150498,"day_7",5.315,1.67053301179391
"475","2_31",0.533482619150498,"day_10",11.682,2.45804919561812
"476","2_31",0.533482619150498,"day_14",35.433,3.56764358929782
"477","2_31",0.533482619150498,"day_17",84.876,4.44119136784185
"478","2_33",1.43089686546084,"day_3",0.786,-0.24079848655293
"479","2_33",1.43089686546084,"day_4",2.16,0.770108221696074
"480","2_33",1.43089686546084,"day_5",3.715,1.31237867816972
"481","2_33",1.43089686546084,"day_7",6.98,1.94304891677428
"482","2_33",1.43089686546084,"day_10",16.624,2.81084743435687
"483","2_33",1.43089686546084,"day_14",62.292,4.13183300663309
"484","2_33",1.43089686546084,"day_17",142.509,4.95940515560907
"485","2_34",0.0167895682445419,"day_4",1.654,0.5031965966015
"486","2_34",0.0167895682445419,"day_5",3.138,1.14358565431084
"487","2_34",0.0167895682445419,"day_7",5.849,1.76627070646089
"488","2_34",0.0167895682445419,"day_10",14.121,2.64766305108712
"489","2_34",0.0167895682445419,"day_14",50.794,3.92777823737265
"490","2_34",0.0167895682445419,"day_17",116.419,4.75719575221728
"491","2_35",-0.554292224862041,"day_4",0.669,-0.401971218853909
"492","2_35",-0.554292224862041,"day_5",0.744,-0.295714244149045
"493","2_35",-0.554292224862041,"day_7",1.096,0.0916671885258239
"494","2_35",-0.554292224862041,"day_10",1.84,0.609765571620894
"495","2_35",-0.554292224862041,"day_14",2.1,0.741937344729377
"496","2_36",1.05017567005645,"day_7",2.127,0.7547125362181
"497","2_36",1.05017567005645,"day_10",3.481,1.2473196088293
"498","2_36",1.05017567005645,"day_14",3.819,1.33998860824338
"499","2_36",1.05017567005645,"day_17",7.011,1.94748034422483
"500","2_37",0.0167895682445419,"day_4",1.87,0.625938430866495
"501","2_37",0.0167895682445419,"day_5",2.932,1.07568478402441
"502","2_37",0.0167895682445419,"day_7",5.691,1.73888597962099
"503","2_37",0.0167895682445419,"day_10",12.876,2.55536511343656
"504","2_37",0.0167895682445419,"day_14",40.787,3.70836340318662
"505","2_37",0.0167895682445419,"day_17",94.072,4.54406044652111
"506","2_39",0.832620701253946,"day_4",0.516,-0.661648513500574
"507","2_39",0.832620701253946,"day_5",1.816,0.596636280179102
"508","2_39",0.832620701253946,"day_7",2.88,1.05779029414785
"509","2_39",0.832620701253946,"day_10",6.254,1.83322125903565
"510","2_39",0.832620701253946,"day_14",16.233,2.78704620732871
"511","2_39",0.832620701253946,"day_17",37.48,3.62380745737022
"512","2_41",0.914203814554887,"day_3",0.562,-0.576253429088446
"513","2_41",0.914203814554887,"day_4",2.28,0.824175442966349
"514","2_41",0.914203814554887,"day_5",3.831,1.34312586571851
"515","2_41",0.914203814554887,"day_7",7.068,1.95557755445745
"516","2_41",0.914203814554887,"day_10",17.506,2.86254367931025
"517","2_41",0.914203814554887,"day_14",66.236,4.19322412178024
"518","2_41",0.914203814554887,"day_17",147.187,4.99170388717737
"519","2_42",-0.445514740460787,"day_3",1.122,0.115112807100505
"520","2_42",-0.445514740460787,"day_4",2.526,0.926637023928299
"521","2_42",-0.445514740460787,"day_5",3.744,1.32015455861535
"522","2_42",-0.445514740460787,"day_7",7.302,1.98814828323345
"523","2_42",-0.445514740460787,"day_10",17.746,2.87616013841315
"524","2_42",-0.445514740460787,"day_14",60.271,4.09885105935996
"525","2_42",-0.445514740460787,"day_17",127.782,4.85032568695341
"526","2_43",1.07737004115677,"day_4",2.393,0.872547808926236
"527","2_43",1.07737004115677,"day_5",3.649,1.29445315745431
"528","2_43",1.07737004115677,"day_7",6.711,1.9037479711761
"529","2_43",1.07737004115677,"day_10",15.952,2.76958421321948
"530","2_43",1.07737004115677,"day_14",31.759,3.45817614973714
"531","2_43",1.07737004115677,"day_17",73.058,4.29125364623197
"532","2_45",0.343122021448304,"day_3",0.585,-0.536143431750281
"533","2_45",0.343122021448304,"day_4",1.9,0.641853886172395
"534","2_45",0.343122021448304,"day_5",3.915,1.36481532944277
"535","2_45",0.343122021448304,"day_7",6.846,1.92366454010799
"536","2_45",0.343122021448304,"day_10",18.57,2.92154737536461
"537","2_45",0.343122021448304,"day_14",69.915,4.24728021849281
"538","2_45",0.343122021448304,"day_17",146.229,4.98517388605838
"539","2_46",0.587871361351125,"day_7",3.138,1.14358565431084
"540","2_46",0.587871361351125,"day_10",8.839,2.17917374807881
"541","2_46",0.587871361351125,"day_14",27.341,3.30838740707167
"542","2_46",0.587871361351125,"day_17",57.212,4.04676366659265
"543","2_47",-1.34292898677113,"day_3",0.401,-0.913793851675568
"544","2_47",-1.34292898677113,"day_4",2.319,0.841136058273395
"545","2_47",-1.34292898677113,"day_5",3.523,1.2593128993591
"546","2_47",-1.34292898677113,"day_7",6.688,1.9003148757824
"547","2_47",-1.34292898677113,"day_10",13.727,2.61936469626952
"548","2_47",-1.34292898677113,"day_14",30.339,3.41243401358814
"549","2_47",-1.34292898677113,"day_17",62.686,4.13813813722052
"550","2_48",0.968592556755512,"day_3",1.282,0.248421358498478
"551","2_48",0.968592556755512,"day_4",2.243,0.807814255538071
"552","2_48",0.968592556755512,"day_5",3.163,1.15152094432351
"553","2_48",0.968592556755512,"day_7",7.988,2.07794041555357
"554","2_48",0.968592556755512,"day_10",20.284,3.00983239793277
"555","2_48",0.968592556755512,"day_14",70.002,4.24852381306977
"556","2_48",0.968592556755512,"day_17",149.746,5.0089405254535
"557","2_51",0.560676990250812,"day_3",1.175,0.161268147596122
"558","2_51",0.560676990250812,"day_4",2.693,0.990655813829462
"559","2_51",0.560676990250812,"day_5",3.955,1.37498060121962
"560","2_51",0.560676990250812,"day_7",8.411,2.1295403729803
"561","2_51",0.560676990250812,"day_10",21.156,3.05192355320373
"562","2_51",0.560676990250812,"day_14",74.187,4.30658893266731
"563","2_51",0.560676990250812,"day_17",185.911,5.22526806457446
"564","2_52",-1.2885402445705,"day_4",1.476,0.389335726178281
"565","2_52",-1.2885402445705,"day_5",2.988,1.09460426727057
"566","2_52",-1.2885402445705,"day_7",5.957,1.78456699864655
"567","2_52",-1.2885402445705,"day_10",12.956,2.56155900130908
"568","2_52",-1.2885402445705,"day_14",33.098,3.49947285759675
"569","2_52",-1.2885402445705,"day_17",89.568,4.49499811333304
"570","2_53",0.642260103551752,"day_3",0.895,-0.110931560707282
"571","2_53",0.642260103551752,"day_4",2.347,0.853137916868886
"572","2_53",0.642260103551752,"day_5",3.672,1.30073647275824
"573","2_53",0.642260103551752,"day_7",6.539,1.87778424857914
"574","2_53",0.642260103551752,"day_10",16.018,2.77371308990149
"575","2_53",0.642260103551752,"day_14",40.369,3.69806216368859
"576","2_53",0.642260103551752,"day_17",83.481,4.42461906105436
"577","2_54",1.21334189665833,"day_4",1.77,0.570979546585738
"578","2_54",1.21334189665833,"day_5",3.129,1.14071346468675
"579","2_54",1.21334189665833,"day_7",6.583,1.88449056848574
"580","2_54",1.21334189665833,"day_10",16.76,2.81899509505394
"581","2_54",1.21334189665833,"day_14",46.922,3.84848664862277
"582","2_54",1.21334189665833,"day_17",80.661,4.39025518708719
"583","2_56",-0.336737256059533,"day_5",2.009,0.697637085832797
"584","2_56",-0.336737256059533,"day_7",2.897,1.06367571878721
"585","2_56",-0.336737256059533,"day_10",6.2,1.82454929205105
"586","2_56",-0.336737256059533,"day_14",9.568,2.25842419720828
"587","2_56",-0.336737256059533,"day_17",20.789,3.03442400066498
"588","2_57",0.968592556755512,"day_5",1.513,0.414094434806219
"589","2_57",0.968592556755512,"day_7",2.003,0.694646056683681
"590","2_57",0.968592556755512,"day_10",3.911,1.36379309577338
"591","2_57",0.968592556755512,"day_14",10.837,2.38296620494086
"592","2_57",0.968592556755512,"day_17",24.967,3.21755495290078
"593","2_58",-0.173571029457652,"day_4",2.36,0.858661619037519
"594","2_58",-0.173571029457652,"day_5",3.578,1.27480398508653
"595","2_58",-0.173571029457652,"day_7",6.536,1.8773253575577
"596","2_58",-0.173571029457652,"day_10",16.048,2.77558423121958
"597","2_58",-0.173571029457652,"day_14",42.861,3.75796232155113
"598","2_58",-0.173571029457652,"day_17",88.286,4.4805815446431
"599","2_59",0.696648845752379,"day_5",1.686,0.522358859579664
"600","2_59",0.696648845752379,"day_7",3.865,1.35196168203939
"601","2_59",0.696648845752379,"day_10",7.133,1.9647319032959
"602","2_59",0.696648845752379,"day_14",12.899,2.557149788983
"603","2_59",0.696648845752379,"day_17",22.264,3.10297102422359
"604","2_62",-0.282348513858906,"day_4",1.012,0.0119285708652738
"605","2_62",-0.282348513858906,"day_5",2.217,0.796154930634174
"606","2_62",-0.282348513858906,"day_7",4.275,1.45278410238872
"607","2_62",-0.282348513858906,"day_10",10.197,2.32209355938209
"608","2_62",-0.282348513858906,"day_14",24.148,3.18420156093418
"609","2_62",-0.282348513858906,"day_17",57.623,4.05392179355615
"610","2_63",0.506288248050185,"day_4",1.836,0.607589292198299
"611","2_63",0.506288248050185,"day_5",2.928,1.07431959609907
"612","2_63",0.506288248050185,"day_7",4.707,1.54905076241901
"613","2_63",0.506288248050185,"day_10",11.058,2.40315414791574
"614","2_63",0.506288248050185,"day_14",16.147,2.78173427389948
"615","2_63",0.506288248050185,"day_17",33.076,3.49880794385992
"616","2_64",0.560676990250812,"day_7",1.761,0.565881829514069
"617","2_64",0.560676990250812,"day_10",5.148,1.63860828973388
"618","2_64",0.560676990250812,"day_14",10.704,2.37061750338587
"619","2_64",0.560676990250812,"day_17",23.107,3.14013560192637
"620","2_65",1.83881243196554,"day_4",2.35,0.854415328156068
"621","2_65",1.83881243196554,"day_5",3.892,1.35892316432376
"622","2_65",1.83881243196554,"day_7",5.645,1.73077019760163
"623","2_65",1.83881243196554,"day_10",8.058,2.08666538676916
"624","2_65",1.83881243196554,"day_14",22.754,3.12474095411752
"625","2_65",1.83881243196554,"day_17",49.775,3.90751284995026
"626","2_67",0.615065732451438,"day_4",1.983,0.684610849537659
"627","2_67",0.615065732451438,"day_5",3.565,1.27116405386626
"628","2_67",0.615065732451438,"day_7",7.311,1.98938006331118
"629","2_67",0.615065732451438,"day_10",18.864,2.93725534379502
"630","2_67",0.615065732451438,"day_14",66.766,4.20119396893135
"631","2_67",0.615065732451438,"day_17",149.215,5.00538821890927
"632","2_68",-0.0647935450563985,"day_4",2.133,0.757529439489213
"633","2_68",-0.0647935450563985,"day_5",3.412,1.22729862962943
"634","2_68",-0.0647935450563985,"day_7",5.977,1.78791876984212
"635","2_68",-0.0647935450563985,"day_10",13.182,2.57885226263053
"636","2_68",-0.0647935450563985,"day_14",40.526,3.70194374344314
"637","2_68",-0.0647935450563985,"day_17",101.076,4.61587270912123
"638","2_69",-0.037599173956085,"day_5",2.155,0.767790723555711
"639","2_69",-0.037599173956085,"day_7",3.905,1.36225778329165
"640","2_69",-0.037599173956085,"day_10",9.767,2.27900935646534
"641","2_69",-0.037599173956085,"day_14",32.584,3.48382137034611
"642","2_69",-0.037599173956085,"day_17",80.604,4.38954827607273
"643","2_70",-1.20695713126956,"day_4",1.84,0.609765571620894
"644","2_70",-1.20695713126956,"day_5",3.114,1.13590807341181
"645","2_70",-1.20695713126956,"day_7",6.382,1.85348152785605
"646","2_70",-1.20695713126956,"day_10",16.271,2.78938438215718
"647","2_70",-1.20695713126956,"day_14",58.913,4.076061779377
"648","2_70",-1.20695713126956,"day_17",138.249,4.92905640710323
"649","2_76",1.70284057646398,"day_4",0.905,-0.0998203352822109
"650","2_76",1.70284057646398,"day_5",1.514,0.414755155015257
"651","2_76",1.70284057646398,"day_7",3.028,1.1079023355752
"652","2_76",1.70284057646398,"day_10",6.917,1.93398214961845
"653","2_76",1.70284057646398,"day_14",20.866,3.03812104004578
"654","2_76",1.70284057646398,"day_17",37.121,3.61418284721031
"655","2_77",-0.608680967062668,"day_5",1.094,0.0898407039997895
"656","2_77",-0.608680967062668,"day_7",1.616,0.479953960098904
"657","2_77",-0.608680967062668,"day_10",1.493,0.400787518557053
"658","2_78",0.0167895682445419,"day_4",1.948,0.666803205220343
"659","2_78",0.0167895682445419,"day_5",2.911,1.06849666476349
"660","2_78",0.0167895682445419,"day_7",5.757,1.75041650569367
"661","2_78",0.0167895682445419,"day_10",14.888,2.70055551933995
"662","2_78",0.0167895682445419,"day_14",49.861,3.90923913405153
"663","2_78",0.0167895682445419,"day_17",103.434,4.6389337281409
"664","2_79",-0.472709111561101,"day_4",0.851,-0.161343150408763
"665","2_79",-0.472709111561101,"day_5",2.527,0.927032828406057
"666","2_79",-0.472709111561101,"day_7",4.949,1.59918553596975
"667","2_79",-0.472709111561101,"day_10",12.871,2.55497671866724
"668","2_79",-0.472709111561101,"day_14",45.103,3.80894876314336
"669","2_79",-0.472709111561101,"day_17",108.025,4.682362681818
